gmina_code,gmina_name,powiat_code,voivodeship_code,population,lat,lon
0201001,Klodzko,0201,02,7489,50.98435,16.24966
0201002,Bystrzyca Klodzka,0201,02,47965,51.2546,16.40741
0201003,Ladek-Zdroj,0201,02,35775,51.12709,16.59871
0201004,Stronie Slaskie,0201,02,10281,51.33909,16.46857
0201005,Nysa,0201,02,28439,51.29876,16.32052
0201006,Opole,0201,02,56266,51.28592,16.30459
0201007,Wroclaw,0201,02,58618,51.23149,16.42843
0202001,Lewin Brzeski,0202,02,56589,50.76833,17.64606
0202002,Brzeg,0202,02,25890,50.87152,17.76843
0202003,Olawa,0202,02,32696,50.88002,18.04506
0202004,Bardo,0202,02,26071,50.75742,17.57219
0202005,Glucholazy,0202,02,65849,50.90409,17.88303
0202006,Paczkow,0202,02,32446,50.71479,17.57048
0203001,Krapkowice,0203,02,10400,51.29673,17.47594
0203002,Kedzierzyn-Kozle,0203,02,57520,51.41168,17.57822
0203003,gmina_dolnoslaskie_03_03,0203,02,27451,51.41232,17.54742
0203004,gmina_dolnoslaskie_03_04,0203,02,55084,51.42083,17.5398
0203005,gmina_dolnoslaskie_03_05,0203,02,2287,51.19382,17.38764
0203006,gmina_dolnoslaskie_03_06,0203,02,38583,51.30019,17.39477
0203007,gmina_dolnoslaskie_03_07,0203,02,32180,51.57759,17.30026
0204001,gmina_dolnoslaskie_04_01,0204,02,39838,51.59289,16.21822
0204002,gmina_dolnoslaskie_04_02,0204,02,43818,51.61981,16.04863
0204003,gmina_dolnoslaskie_04_03,0204,02,24804,51.62821,16.07381
0204004,gmina_dolnoslaskie_04_04,0204,02,30710,51.35084,15.9231
0204005,gmina_dolnoslaskie_04_05,0204,02,56194,51.58131,16.12721
0204006,gmina_dolnoslaskie_04_06,0204,02,5659,51.60644,16.03606
0205001,gmina_dolnoslaskie_05_01,0205,02,29468,51.09054,17.31599
0205002,gmina_dolnoslaskie_05_02,0205,02,55688,51.12696,17.18274
0205003,gmina_dolnoslaskie_05_03,0205,02,47926,51.11556,17.37607
0205004,gmina_dolnoslaskie_05_04,0205,02,32376,51.23908,17.44552
0205005,gmina_dolnoslaskie_05_05,0205,02,34610,51.16378,17.30635
0205006,gmina_dolnoslaskie_05_06,0205,02,31335,51.16622,17.1041
0206001,gmina_dolnoslaskie_06_01,0206,02,26046,50.3845,16.24201
0206002,gmina_dolnoslaskie_06_02,0206,02,61948,50.67111,16.24551
0206003,gmina_dolnoslaskie_06_03,0206,02,19087,50.38084,16.26965
0206004,gmina_dolnoslaskie_06_04,0206,02,49258,50.37871,16.24827
0206005,gmina_dolnoslaskie_06_05,0206,02,10245,50.27766,16.37202
0207001,gmina_dolnoslaskie_07_01,0207,02,31972,51.21923,16.6185
0207002,gmina_dolnoslaskie_07_02,0207,02,45710,51.21269,16.9595
0207003,gmina_dolnoslaskie_07_03,0207,02,30404,51.17873,16.53946
0207004,gmina_dolnoslaskie_07_04,0207,02,51945,51.23845,16.92069
0207005,gmina_dolnoslaskie_07_05,0207,02,29326,51.31841,16.76032
0208001,gmina_dolnoslaskie_08_01,0208,02,21659,51.67391,16.15591
0208002,gmina_dolnoslaskie_08_02,0208,02,63042,51.80716,16.34062
0208003,gmina_dolnoslaskie_08_03,0208,02,11829,51.59256,16.42634
0208004,gmina_dolnoslaskie_08_04,0208,02,65256,51.83354,16.69566
0208005,gmina_dolnoslaskie_08_05,0208,02,46228,51.77846,16.21785
0208006,gmina_dolnoslaskie_08_06,0208,02,34284,51.44742,16.41901
0209001,gmina_dolnoslaskie_09_01,0209,02,20637,50.90714,16.82668
0209002,gmina_dolnoslaskie_09_02,0209,02,3230,50.74794,16.63585
0209003,gmina_dolnoslaskie_09_03,0209,02,22698,50.70534,16.79295
0209004,gmina_dolnoslaskie_09_04,0209,02,8987,50.9984,16.8224
0209005,gmina_dolnoslaskie_09_05,0209,02,23028,50.70366,16.61196
0209006,gmina_dolnoslaskie_09_06,0209,02,8932,50.6431,16.68552
0210001,gmina_dolnoslaskie_10_01,0210,02,65564,52.12506,16.63983
0210002,gmina_dolnoslaskie_10_02,0210,02,22794,51.98359,16.57172
0210003,gmina_dolnoslaskie_10_03,0210,02,67429,52.06195,16.50544
0210004,gmina_dolnoslaskie_10_04,0210,02,63766,51.84463,16.37377
0210005,gmina_dolnoslaskie_10_05,0210,02,11831,52.20924,16.60384
0210006,gmina_dolnoslaskie_10_06,0210,02,60829,51.98853,16.62397
0210007,gmina_dolnoslaskie_10_07,0210,02,32883,52.03248,16.51249
0211001,gmina_dolnoslaskie_11_01,0211,02,22714,51.59846,17.0699
0211002,gmina_dolnoslaskie_11_02,0211,02,64539,51.78926,17.5416
0211003,gmina_dolnoslaskie_11_03,0211,02,17752,51.5513,17.20451
0211004,gmina_dolnoslaskie_11_04,0211,02,26109,51.43073,17.12266
0211005,gmina_dolnoslaskie_11_05,0211,02,41479,51.65827,17.20268
0211006,gmina_dolnoslaskie_11_06,0211,02,34854,51.55339,17.31983
0211007,gmina_dolnoslaskie_11_07,0211,02,34949,51.75761,17.28031
0211008,gmina_dolnoslaskie_11_08,0211,02,2989,51.30812,17.25802
0212001,gmina_dolnoslaskie_12_01,0212,02,46661,50.71241,16.5062
0212002,gmina_dolnoslaskie_12_02,0212,02,7386,50.75983,16.28219
0212003,gmina_dolnoslaskie_12_03,0212,02,50720,50.71325,16.52009
0212004,gmina_dolnoslaskie_12_04,0212,02,35454,50.92971,16.33493
0212005,gmina_dolnoslaskie_12_05,0212,02,45681,50.66537,16.32384
0212006,gmina_dolnoslaskie_12_06,0212,02,41317,50.7788,16.18615
0213001,gmina_dolnoslaskie_13_01,0213,02,38554,51.392,17.01901
0213002,gmina_dolnoslaskie_13_02,0213,02,50677,50.95776,17.06101
0213003,gmina_dolnoslaskie_13_03,0213,02,55048,51.18903,17.34846
0213004,gmina_dolnoslaskie_13_04,0213,02,20861,51.06297,16.81196
0213005,gmina_dolnoslaskie_13_05,0213,02,56708,51.12686,16.98554
0213006,gmina_dolnoslaskie_13_06,0213,02,63579,51.43544,17.07082
0213007,gmina_dolnoslaskie_13_07,0213,02,59244,51.03401,17.14044
0213008,gmina_dolnoslaskie_13_08,0213,02,65525,50.95729,17.49621
0213009,gmina_dolnoslaskie_13_09,0213,02,59227,50.98064,16.98004
0214001,gmina_dolnoslaskie_14_01,0214,02,33272,51.92591,18.90438
0214002,gmina_dolnoslaskie_14_02,0214,02,41151,51.75321,18.58854
0214003,gmina_dolnoslaskie_14_03,0214,02,62390,51.93802,18.5676
0214004,gmina_dolnoslaskie_14_04,0214,02,62768,51.86411,18.4078
0214005,gmina_dolnoslaskie_14_05,0214,02,37566,51.84687,18.66493
0215001,gmina_dolnoslaskie_15_01,0215,02,3199,50.89697,17.34563
0215002,gmina_dolnoslaskie_15_02,0215,02,66968,50.87677,17.1739
0215003,gmina_dolnoslaskie_15_03,0215,02,35199,50.91791,17.27378
0215004,gmina_dolnoslaskie_15_04,0215,02,16898,51.0813,17.35108
0215005,gmina_dolnoslaskie_15_05,0215,02,18309,50.77757,17.11136
0215006,gmina_dolnoslaskie_15_06,0215,02,7977,50.91092,17.36617
0215007,gmina_dolnoslaskie_15_07,0215,02,56974,50.64997,17.43774
0215008,gmina_dolnoslaskie_15_08,0215,02,54806,50.73241,17.2139
0216001,gmina_dolnoslaskie_16_01,0216,02,61555,51.20731,17.01854
0216002,gmina_dolnoslaskie_16_02,0216,02,23188,51.41206,16.64819
0216003,gmina_dolnoslaskie_16_03,0216,02,35841,51.18997,17.0871
0216004,gmina_dolnoslaskie_16_04,0216,02,18336,51.17241,16.77778
0216005,gmina_dolnoslaskie_16_05,0216,02,19439,51.2634,17.33523
0216006,gmina_dolnoslaskie_16_06,0216,02,24191,51.33306,17.00629
0217001,gmina_dolnoslaskie_17_01,0217,02,26129,51.25325,16.54413
0217002,gmina_dolnoslaskie_17_02,0217,02,58347,51.23731,16.52116
0217003,gmina_dolnoslaskie_17_03,0217,02,33636,51.31096,16.52114
0217004,gmina_dolnoslaskie_17_04,0217,02,15196,51.04569,16.46155
0217005,gmina_dolnoslaskie_17_05,0217,02,55050,50.99358,16.60924
0217006,gmina_dolnoslaskie_17_06,0217,02,4126,51.18595,16.4204
0218001,gmina_dolnoslaskie_18_01,0218,02,15199,51.69692,17.19145
0218002,gmina_dolnoslaskie_18_02,0218,02,49690,51.44956,17.36005
0218003,gmina_dolnoslaskie_18_03,0218,02,10896,51.79838,17.54498
0218004,gmina_dolnoslaskie_18_04,0218,02,67778,51.47014,17.44822
0218005,gmina_dolnoslaskie_18_05,0218,02,54436,51.44377,17.3356
0218006,gmina_dolnoslaskie_18_06,0218,02,36260,51.51712,17.62783
0218007,gmina_dolnoslaskie_18_07,0218,02,42590,51.68106,17.07637
0218008,gmina_dolnoslaskie_18_08,0218,02,46768,51.61129,17.5092
0218009,gmina_dolnoslaskie_18_09,0218,02,36398,51.81203,17.11286
0219001,gmina_dolnoslaskie_19_01,0219,02,49545,50.90962,17.49045
0219002,gmina_dolnoslaskie_19_02,0219,02,7606,50.78751,17.4852
0219003,gmina_dolnoslaskie_19_03,0219,02,50161,50.89201,17.3925
0219004,gmina_dolnoslaskie_19_04,0219,02,23886,50.89688,17.21686
0219005,gmina_dolnoslaskie_19_05,0219,02,37031,50.84191,17.41634
0220001,gmina_dolnoslaskie_20_01,0220,02,22615,51.72252,16.32883
0220002,gmina_dolnoslaskie_20_02,0220,02,64628,51.55623,16.58291
0220003,gmina_dolnoslaskie_20_03,0220,02,63772,51.53141,16.66044
0220004,gmina_dolnoslaskie_20_04,0220,02,2123,51.63936,16.53646
0220005,gmina_dolnoslaskie_20_05,0220,02,49315,51.83252,16.41498
0220006,gmina_dolnoslaskie_20_06,0220,02,9925,51.73848,16.37457
0221001,gmina_dolnoslaskie_21_01,0221,02,9871,50.9926,17.49405
0221002,gmina_dolnoslaskie_21_02,0221,02,22678,51.21246,17.83412
0221003,gmina_dolnoslaskie_21_03,0221,02,31081,51.19123,17.52421
0221004,gmina_dolnoslaskie_21_04,0221,02,27679,51.16238,17.67477
0221005,gmina_dolnoslaskie_21_05,0221,02,67803,51.21503,17.86257
0222001,gmina_dolnoslaskie_22_01,0222,02,58959,51.07645,17.41934
0222002,gmina_dolnoslaskie_22_02,0222,02,3719,51.19364,17.57936
0222003,gmina_dolnoslaskie_22_03,0222,02,2764,51.23581,17.40554
0222004,gmina_dolnoslaskie_22_04,0222,02,62084,51.15278,17.5808
0222005,gmina_dolnoslaskie_22_05,0222,02,56082,50.99952,17.21092
0222006,gmina_dolnoslaskie_22_06,0222,02,41912,50.86469,17.33955
0222007,gmina_dolnoslaskie_22_07,0222,02,46096,51.13103,17.47972
0223001,gmina_dolnoslaskie_23_01,0223,02,54823,51.74344,17.77497
0223002,gmina_dolnoslaskie_23_02,0223,02,7494,51.4902,17.52334
0223003,gmina_dolnoslaskie_23_03,0223,02,58144,51.45201,17.70294
0223004,gmina_dolnoslaskie_23_04,0223,02,8418,51.79117,17.53908
0223005,gmina_dolnoslaskie_23_05,0223,02,48795,51.61854,17.59374
0223006,gmina_dolnoslaskie_23_06,0223,02,2089,51.55043,17.46728
0224001,gmina_dolnoslaskie_24_01,0224,02,4603,51.36082,16.59256
0224002,gmina_dolnoslaskie_24_02,0224,02,37747,51.47528,16.74984
0224003,gmina_dolnoslaskie_24_03,0224,02,53706,51.54693,16.90856
0224004,gmina_dolnoslaskie_24_04,0224,02,37631,51.30789,16.86801
0224005,gmina_dolnoslaskie_24_05,0224,02,21748,51.45679,16.87558
0224006,gmina_dolnoslaskie_24_06,0224,02,12254,51.48284,16.75305
0225001,gmina_dolnoslaskie_25_01,0225,02,11626,51.95025,18.34454
0225002,gmina_dolnoslaskie_25_02,0225,02,42493,51.97272,18.1682
0225003,gmina_dolnoslaskie_25_03,0225,02,30127,51.97023,18.039
0225004,gmina_dolnoslaskie_25_04,0225,02,57415,51.65994,17.99356
0225005,gmina_dolnoslaskie_25_05,0225,02,16207,51.8698,18.12543
0225006,gmina_dolnoslaskie_25_06,0225,02,33395,52.0732,18.0184
0225007,gmina_dolnoslaskie_25_07,0225,02,33187,51.97463,18.10721
0226001,gmina_dolnoslaskie_26_01,0226,02,18104,51.12887,16.94922
0226002,gmina_dolnoslaskie_26_02,0226,02,53928,50.99139,17.54756
0226003,gmina_dolnoslaskie_26_03,0226,02,65469,51.17689,17.14657
0226004,gmina_dolnoslaskie_26_04,0226,02,35743,51.06607,17.12284
0226005,gmina_dolnoslaskie_26_05,0226,02,50350,50.88923,17.20078
0226006,gmina_dolnoslaskie_26_06,0226,02,36242,50.87987,17.23842
0226007,gmina_dolnoslaskie_26_07,0226,02,59296,51.03822,17.08613
0227001,gmina_dolnoslaskie_27_01,0227,02,57539,51.06258,16.80653
0227002,gmina_dolnoslaskie_27_02,0227,02,30707,51.10631,17.07845
0227003,gmina_dolnoslaskie_27_03,0227,02,56558,51.41704,16.74511
0227004,gmina_dolnoslaskie_27_04,0227,02,46051,50.91528,16.77327
0227005,gmina_dolnoslaskie_27_05,0227,02,9722,51.61532,16.92981
0227006,gmina_dolnoslaskie_27_06,0227,02,29899,51.36113,16.61048
0227007,gmina_dolnoslaskie_27_07,0227,02,22385,51.26201,16.87615
0227008,gmina_dolnoslaskie_27_08,0227,02,23886,51.40347,16.91537
0228001,gmina_dolnoslaskie_28_01,0228,02,2510,51.60246,16.49617
0228002,gmina_dolnoslaskie_28_02,0228,02,15071,51.56435,16.62078
0228003,gmina_dolnoslaskie_28_03,0228,02,57346,51.57319,16.58059
0228004,gmina_dolnoslaskie_28_04,0228,02,23552,51.40779,16.69271
0228005,gmina_dolnoslaskie_28_05,0228,02,7099,51.59411,16.59351
0228006,gmina_dolnoslaskie_28_06,0228,02,22080,51.33238,16.72377
0228007,gmina_dolnoslaskie_28_07,0228,02,13777,51.18715,16.75339
0228008,gmina_dolnoslaskie_28_08,0228,02,14668,51.53991,16.26831
0229001,gmina_dolnoslaskie_29_01,0229,02,34251,50.81184,16.07377
0229002,gmina_dolnoslaskie_29_02,0229,02,28730,50.75895,16.13498
0229003,gmina_dolnoslaskie_29_03,0229,02,46167,50.64853,16.21554
0229004,gmina_dolnoslaskie_29_04,0229,02,60134,50.8297,16.19149
0229005,gmina_dolnoslaskie_29_05,0229,02,24205,50.81818,16.42805
0229006,gmina_dolnoslaskie_29_06,0229,02,26285,50.73972,15.98188
0230001,gmina_dolnoslaskie_30_01,0230,02,35217,50.66726,16.39903
0230002,gmina_dolnoslaskie_30_02,0230,02,43438,50.57693,16.48957
0230003,gmina_dolnoslaskie_30_03,0230,02,43561,50.77257,16.32
0230004,gmina_dolnoslaskie_30_04,0230,02,42046,50.74775,16.37562
0230005,gmina_dolnoslaskie_30_05,0230,02,63197,50.48819,16.33466
0230006,gmina_dolnoslaskie_30_06,0230,02,29307,50.55949,16.37592
0401001,gmina_kujawsko-pomorskie_01_01,0401,04,20205,52.47615,18.80306
0401002,gmina_kujawsko-pomorskie_01_02,0401,04,35898,52.35865,18.6979
0401003,gmina_kujawsko-pomorskie_01_03,0401,04,49510,52.3696,18.85921
0401004,gmina_kujawsko-pomorskie_01_04,0401,04,35371,52.35601,18.61091
0401005,gmina_kujawsko-pomorskie_01_05,0401,04,50285,52.53958,19.00268
0401006,gmina_kujawsko-pomorskie_01_06,0401,04,8900,52.54135,19.03631
0401007,gmina_kujawsko-pomorskie_01_07,0401,04,66979,52.29425,18.53993
0401008,gmina_kujawsko-pomorskie_01_08,0401,04,35441,52.4413,18.87492
0402001,gmina_kujawsko-pomorskie_02_01,0402,04,53260,53.14642,17.23768
0402002,gmina_kujawsko-pomorskie_02_02,0402,04,16491,53.13874,17.12035
0402003,gmina_kujawsko-pomorskie_02_03,0402,04,38571,53.32068,17.10547
0402004,gmina_kujawsko-pomorskie_02_04,0402,04,5444,53.29144,16.86828
0402005,gmina_kujawsko-pomorskie_02_05,0402,04,26472,53.25208,16.80597
0402006,gmina_kujawsko-pomorskie_02_06,0402,04,45295,53.11664,16.82855
0402007,gmina_kujawsko-pomorskie_02_07,0402,04,53020,53.31429,17.07243
0403001,gmina_kujawsko-pomorskie_03_01,0403,04,31176,52.89709,18.709
0403002,gmina_kujawsko-pomorskie_03_02,0403,04,2097,52.92338,18.7228
0403003,gmina_kujawsko-pomorskie_03_03,0403,04,48127,53.03927,18.64165
0403004,gmina_kujawsko-pomorskie_03_04,0403,04,61091,52.54847,19.0659
0403005,gmina_kujawsko-pomorskie_03_05,0403,04,53410,52.80944,18.49825
0403006,gmina_kujawsko-pomorskie_03_06,0403,04,58291,52.82177,18.76235
0404001,gmina_kujawsko-pomorskie_04_01,0404,04,46485,52.84596,17.50951
0404002,gmina_kujawsko-pomorskie_04_02,0404,04,24435,53.30708,17.42515
0404003,gmina_kujawsko-pomorskie_04_03,0404,04,53124,53.02177,17.49608
0404004,gmina_kujawsko-pomorskie_04_04,0404,04,28805,52.81524,17.42394
0404005,gmina_kujawsko-pomorskie_04_05,0404,04,34622,53.28045,17.36977
0404006,gmina_kujawsko-pomorskie_04_06,0404,04,62392,53.25706,17.22104
0404007,gmina_kujawsko-pomorskie_04_07,0404,04,25027,53.08175,17.25859
0405001,gmina_kujawsko-pomorskie_05_01,0405,04,15171,52.97455,18.67408
0405002,gmina_kujawsko-pomorskie_05_02,0405,04,35105,53.15,18.66383
0405003,gmina_kujawsko-pomorskie_05_03,0405,04,37604,52.97277,18.41838
0405004,gmina_kujawsko-pomorskie_05_04,0405,04,60775,53.12655,18.26653
0405005,gmina_kujawsko-pomorskie_05_05,0405,04,61980,53.29654,18.72046
0405006,gmina_kujawsko-pomorskie_05_06,0405,04,3455,53.02332,18.81061
0406001,gmina_kujawsko-pomorskie_06_01,0406,04,21619,53.31713,19.29372
0406002,gmina_kujawsko-pomorskie_06_02,0406,04,43830,53.34799,19.52071
0406003,gmina_kujawsko-pomorskie_06_03,0406,04,30821,53.19896,19.25077
0406004,gmina_kujawsko-pomorskie_06_04,0406,04,32932,53.36953,19.56017
0406005,gmina_kujawsko-pomorskie_06_05,0406,04,14058,53.20708,19.25247
0406006,gmina_kujawsko-pomorskie_06_06,0406,04,53406,53.23478,19.47276
0406007,gmina_kujawsko-pomorskie_06_07,0406,04,35742,52.974,19.18816
0407001,gmina_kujawsko-pomorskie_07_01,0407,04,66980,52.76524,16.91188
0407002,gmina_kujawsko-pomorskie_07_02,0407,04,31928,52.75953,16.56887
0407003,gmina_kujawsko-pomorskie_07_03,0407,04,43874,52.92778,16.57765
0407004,gmina_kujawsko-pomorskie_07_04,0407,04,27254,52.67301,16.82317
0407005,gmina_kujawsko-pomorskie_07_05,0407,04,34271,52.87556,16.73162
0408001,gmina_kujawsko-pomorskie_08_01,0408,04,27891,53.38731,17.24616
0408002,gmina_kujawsko-pomorskie_08_02,0408,04,3736,53.50385,17.38455
0408003,gmina_kujawsko-pomorskie_08_03,0408,04,23850,53.2818,17.42532
0408004,gmina_kujawsko-pomorskie_08_04,0408,04,16961,53.1182,17.20124
0408005,gmina_kujawsko-pomorskie_08_05,0408,04,23148,53.29472,17.6745
0408006,gmina_kujawsko-pomorskie_08_06,0408,04,51049,53.51445,17.25828
0408007,gmina_kujawsko-pomorskie_08_07,0408,04,23694,53.26916,17.51236
0409001,gmina_kujawsko-pomorskie_09_01,0409,04,3161,53.16503,18.43625
0409002,gmina_kujawsko-pomorskie_09_02,0409,04,62626,53.24939,18.05263
0409003,gmina_kujawsko-pomorskie_09_03,0409,04,48554,53.2747,18.50184
0409004,gmina_kujawsko-pomorskie_09_04,0409,04,42853,53.01179,18.01423
0409005,gmina_kujawsko-pomorskie_09_05,0409,04,34501,53.26548,18.59942
0409006,gmina_kujawsko-pomorskie_09_06,0409,04,2113,53.21159,18.25233
0410001,gmina_kujawsko-pomorskie_10_01,0410,04,38669,53.01122,18.30193
0410002,gmina_kujawsko-pomorskie_10_02,0410,04,31885,52.89257,17.86896
0410003,gmina_kujawsko-pomorskie_10_03,0410,04,11629,52.82804,18.08711
0410004,gmina_kujawsko-pomorskie_10_04,0410,04,22878,52.90734,18.11796
0410005,gmina_kujawsko-pomorskie_10_05,0410,04,43884,52.82768,18.07082
0410006,gmina_kujawsko-pomorskie_10_06,0410,04,22827,52.51302,18.02968
0411001,gmina_kujawsko-pomorskie_11_01,0411,04,21759,53.0631,17.34692
0411002,gmina_kujawsko-pomorskie_11_02,0411,04,50694,53.06198,17.30802
0411003,gmina_kujawsko-pomorskie_11_03,0411,04,53198,52.74425,17.36961
0411004,gmina_kujawsko-pomorskie_11_04,0411,04,11314,52.89425,17.09766
0411005,gmina_kujawsko-pomorskie_11_05,0411,04,19342,52.87603,17.5937
0411006,gmina_kujawsko-pomorskie_11_06,0411,04,2065,53.00265,17.30792
0411007,gmina_kujawsko-pomorskie_11_07,0411,04,39712,52.89215,17.27362
0411008,gmina_kujawsko-pomorskie_11_08,0411,04,61201,52.74568,17.28192
0412001,gmina_kujawsko-pomorskie_12_01,0412,04,24539,52.57437,17.3027
0412002,gmina_kujawsko-pomorskie_12_02,0412,04,45731,52.93608,17.4918
0412003,gmina_kujawsko-pomorskie_12_03,0412,04,57897,52.8117,17.18712
0412004,gmina_kujawsko-pomorskie_12_04,0412,04,59651,52.66576,17.37746
0412005,gmina_kujawsko-pomorskie_12_05,0412,04,51560,52.97399,17.49832
0412006,gmina_kujawsko-pomorskie_12_06,0412,04,46658,52.78945,17.12325
0412007,gmina_kujawsko-pomorskie_12_07,0412,04,11715,52.83488,17.28999
0413001,gmina_kujawsko-pomorskie_13_01,0413,04,29555,52.79564,18.19892
0413002,gmina_kujawsko-pomorskie_13_02,0413,04,45320,52.90902,18.1928
0413003,gmina_kujawsko-pomorskie_13_03,0413,04,27949,52.72916,18.07209
0413004,gmina_kujawsko-pomorskie_13_04,0413,04,46946,52.72621,17.81042
0413005,gmina_kujawsko-pomorskie_13_05,0413,04,15009,52.63524,18.15374
0413006,gmina_kujawsko-pomorskie_13_06,0413,04,44557,52.862,18.34336
0414001,gmina_kujawsko-pomorskie_14_01,0414,04,26893,51.8508,18.16699
0414002,gmina_kujawsko-pomorskie_14_02,0414,04,48106,51.88114,18.17556
0414003,gmina_kujawsko-pomorskie_14_03,0414,04,59100,52.18298,18.52175
0414004,gmina_kujawsko-pomorskie_14_04,0414,04,31974,52.24507,18.23346
0414005,gmina_kujawsko-pomorskie_14_05,0414,04,3331,52.22539,18.21284
0414006,gmina_kujawsko-pomorskie_14_06,0414,04,43422,52.04492,18.73638
0414007,gmina_kujawsko-pomorskie_14_07,0414,04,27924,52.10808,18.1146
0414008,gmina_kujawsko-pomorskie_14_08,0414,04,2474,51.95037,18.1494
0415001,gmina_kujawsko-pomorskie_15_01,0415,04,41637,53.50343,18.08095
0415002,gmina_kujawsko-pomorskie_15_02,0415,04,22176,53.24981,18.13375
0415003,gmina_kujawsko-pomorskie_15_03,0415,04,47118,53.37395,17.79633
0415004,gmina_kujawsko-pomorskie_15_04,0415,04,33104,53.51253,17.91614
0415005,gmina_kujawsko-pomorskie_15_05,0415,04,51682,53.60965,17.81235
0415006,gmina_kujawsko-pomorskie_15_06,0415,04,33500,53.42558,18.01964
0415007,gmina_kujawsko-pomorskie_15_07,0415,04,36357,53.53786,17.86583
0416001,gmina_kujawsko-pomorskie_16_01,0416,04,60295,53.4226,18.0093
0416002,gmina_kujawsko-pomorskie_16_02,0416,04,9127,53.41075,18.04017
0416003,gmina_kujawsko-pomorskie_16_03,0416,04,52951,53.54739,17.86687
0416004,gmina_kujawsko-pomorskie_16_04,0416,04,61488,53.27184,17.86972
0417001,gmina_kujawsko-pomorskie_17_01,0417,04,29945,53.01983,18.56144
0417002,gmina_kujawsko-pomorskie_17_02,0417,04,8219,53.16884,18.62938
0417003,gmina_kujawsko-pomorskie_17_03,0417,04,7216,53.20082,18.86262
0417004,gmina_kujawsko-pomorskie_17_04,0417,04,18565,53.15346,18.55675
0417005,gmina_kujawsko-pomorskie_17_05,0417,04,50775,53.04171,18.75707
0417006,gmina_kujawsko-pomorskie_17_06,0417,04,21397,53.25468,18.67113
0418001,gmina_kujawsko-pomorskie_18_01,0418,04,17218,53.62106,17.67897
0418002,gmina_kujawsko-pomorskie_18_02,0418,04,61123,53.64716,17.5475
0418003,gmina_kujawsko-pomorskie_18_03,0418,04,44876,53.8593,17.56824
0418004,gmina_kujawsko-pomorskie_18_04,0418,04,29178,53.91544,17.85299
0418005,gmina_kujawsko-pomorskie_18_05,0418,04,39819,53.6619,17.75249
0418006,gmina_kujawsko-pomorskie_18_06,0418,04,59696,53.96432,17.36686
0418007,gmina_kujawsko-pomorskie_18_07,0418,04,21404,53.67437,17.68686
0418008,gmina_kujawsko-pomorskie_18_08,0418,04,12475,53.71279,17.6412
0418009,gmina_kujawsko-pomorskie_18_09,0418,04,20483,53.76501,17.73399
0419001,gmina_kujawsko-pomorskie_19_01,0419,04,34278,53.08073,18.23809
0419002,gmina_kujawsko-pomorskie_19_02,0419,04,57030,53.0627,18.14597
0419003,gmina_kujawsko-pomorskie_19_03,0419,04,64902,52.87283,18.03758
0419004,gmina_kujawsko-pomorskie_19_04,0419,04,59679,53.13502,18.0855
0419005,gmina_kujawsko-pomorskie_19_05,0419,04,3789,53.13768,18.13016
0419006,gmina_kujawsko-pomorskie_19_06,0419,04,6550,53.06006,17.99473
0419007,gmina_kujawsko-pomorskie_19_07,0419,04,32583,53.06611,17.58275
0420001,gmina_kujawsko-pomorskie_20_01,0420,04,57355,53.34289,15.81738
0420002,gmina_kujawsko-pomorskie_20_02,0420,04,11920,53.18824,16.22266
0420003,gmina_kujawsko-pomorskie_20_03,0420,04,5579,53.57239,16.00307
0420004,gmina_kujawsko-pomorskie_20_04,0420,04,54393,53.33386,16.26207
0420005,gmina_kujawsko-pomorskie_20_05,0420,04,15744,53.15051,15.98582
0421001,gmina_kujawsko-pomorskie_21_01,0421,04,62954,53.00856,17.40729
0421002,gmina_kujawsko-pomorskie_21_02,0421,04,54619,53.06828,17.2424
0421003,gmina_kujawsko-pomorskie_21_03,0421,04,10341,53.13405,17.35808
0421004,gmina_kujawsko-pomorskie_21_04,0421,04,44675,52.96964,17.43614
0421005,gmina_kujawsko-pomorskie_21_05,0421,04,22928,53.05144,17.0327
0421006,gmina_kujawsko-pomorskie_21_06,0421,04,6622,53.16528,17.01448
0422001,gmina_kujawsko-pomorskie_22_01,0422,04,33098,53.29854,18.18989
0422002,gmina_kujawsko-pomorskie_22_02,0422,04,20975,53.17704,18.33732
0422003,gmina_kujawsko-pomorskie_22_03,0422,04,60882,53.32955,18.65125
0422004,gmina_kujawsko-pomorskie_22_04,0422,04,49100,53.38731,18.39701
0422005,gmina_kujawsko-pomorskie_22_05,0422,04,26051,53.26224,18.53726
0422006,gmina_kujawsko-pomorskie_22_06,0422,04,40829,53.23338,18.54637
0422007,gmina_kujawsko-pomorskie_22_07,0422,04,35491,53.20868,18.29788
0423001,gmina_kujawsko-pomorskie_23_01,0423,04,56562,53.03303,18.29868
0423002,gmina_kujawsko-pomorskie_23_02,0423,04,7872,53.04423,18.41927
0423003,gmina_kujawsko-pomorskie_23_03,0423,04,60542,53.13342,18.27853
0423004,gmina_kujawsko-pomorskie_23_04,0423,04,23417,52.73076,18.19144
0423005,gmina_kujawsko-pomorskie_23_05,0423,04,62254,52.9527,18.31483
0423006,gmina_kujawsko-pomorskie_23_06,0423,04,46011,52.90213,18.4578
0423007,gmina_kujawsko-pomorskie_23_07,0423,04,20409,52.98701,18.42422
0601001,gmina_lubelskie_01_01,0601,06,46467,51.22535,21.4164
0601002,gmina_lubelskie_01_02,0601,06,22170,51.6447,21.60065
0601003,gmina_lubelskie_01_03,0601,06,43206,51.53514,21.33057
0601004,gmina_lubelskie_01_04,0601,06,37844,51.44015,21.4104
0601005,gmina_lubelskie_01_05,0601,06,3337,51.63697,21.32138
0601006,gmina_lubelskie_01_06,0601,06,13481,51.59684,21.25786
0602001,gmina_lubelskie_02_01,0602,06,63759,51.55993,22.81674
0602002,gmina_lubelskie_02_02,0602,06,28467,51.72957,22.80131
0602003,gmina_lubelskie_02_03,0602,06,62218,51.71591,22.75553
0602004,gmina_lubelskie_02_04,0602,06,67784,51.67329,23.34543
0602005,gmina_lubelskie_02_05,0602,06,52420,51.47998,23.18973
0602006,gmina_lubelskie_02_06,0602,06,41931,51.71249,22.97315
0602007,gmina_lubelskie_02_07,0602,06,44487,51.71685,22.92962
0603001,gmina_lubelskie_03_01,0603,06,39598,51.85287,22.14743
0603002,gmina_lubelskie_03_02,0603,06,12901,51.91985,22.55016
0603003,gmina_lubelskie_03_03,0603,06,17325,51.83511,22.1406
0603004,gmina_lubelskie_03_04,0603,06,10957,51.83089,22.06409
0603005,gmina_lubelskie_03_05,0603,06,20764,51.89018,22.52998
0603006,gmina_lubelskie_03_06,0603,06,14549,52.2259,22.22509
0603007,gmina_lubelskie_03_07,0603,06,20974,51.89239,22.29474
0603008,gmina_lubelskie_03_08,0603,06,66730,51.91694,22.32885
0604001,gmina_lubelskie_04_01,0604,06,48860,51.38129,22.30114
0604002,gmina_lubelskie_04_02,0604,06,56913,51.21887,22.34678
0604003,gmina_lubelskie_04_03,0604,06,21334,51.31981,22.24045
0604004,gmina_lubelskie_04_04,0604,06,47223,51.45578,22.59809
0604005,gmina_lubelskie_04_05,0604,06,47040,51.42294,22.54413
0605001,gmina_lubelskie_05_01,0605,06,49983,51.7922,22.73218
0605002,gmina_lubelskie_05_02,0605,06,23232,51.54839,22.78062
0605003,gmina_lubelskie_05_03,0605,06,53930,51.89411,23.04219
0605004,gmina_lubelskie_05_04,0605,06,17371,51.68932,22.72339
0605005,gmina_lubelskie_05_05,0605,06,51371,51.69338,22.92408
0605006,gmina_lubelskie_05_06,0605,06,39525,51.87202,22.84995
0605007,gmina_lubelskie_05_07,0605,06,59994,51.77041,22.74957
0606001,gmina_lubelskie_06_01,0606,06,58117,51.41519,22.52848
0606002,gmina_lubelskie_06_02,0606,06,53080,51.66941,22.55596
0606003,gmina_lubelskie_06_03,0606,06,3544,51.16646,22.42864
0606004,gmina_lubelskie_06_04,0606,06,11522,51.40493,22.46197
0606005,gmina_lubelskie_06_05,0606,06,4676,51.41769,22.77786
0606006,gmina_lubelskie_06_06,0606,06,7940,51.44715,22.57767
0607001,gmina_lubelskie_07_01,0607,06,22266,50.9525,22.48518
0607002,gmina_lubelskie_07_02,0607,06,26155,51.21459,22.6825
0607003,gmina_lubelskie_07_03,0607,06,52094,51.16275,22.73513
0607004,gmina_lubelskie_07_04,0607,06,7492,51.34663,22.60154
0607005,gmina_lubelskie_07_05,0607,06,48084,51.24815,22.48225
0607006,gmina_lubelskie_07_06,0607,06,67363,51.30342,22.58979
0607007,gmina_lubelskie_07_07,0607,06,13956,51.40419,22.17995
0607008,gmina_lubelskie_07_08,0607,06,59730,51.02841,22.38216
0608001,gmina_lubelskie_08_01,0608,06,2227,50.98552,22.82315
0608002,gmina_lubelskie_08_02,0608,06,39297,51.33166,22.36409
0608003,gmina_lubelskie_08_03,0608,06,36920,50.94803,22.12466
0608004,gmina_lubelskie_08_04,0608,06,5074,51.08224,22.27031
0608005,gmina_lubelskie_08_05,0608,06,18917,50.8894,22.30805
0609001,gmina_lubelskie_09_01,0609,06,51973,51.14076,22.90816
0609002,gmina_lubelskie_09_02,0609,06,44126,51.39469,22.76971
0609003,gmina_lubelskie_09_03,0609,06,46594,51.13349,22.72082
0609004,gmina_lubelskie_09_04,0609,06,53008,51.39211,22.74886
0609005,gmina_lubelskie_09_05,0609,06,44584,51.51155,22.93262
0609006,gmina_lubelskie_09_06,0609,06,57439,51.40994,23.08082
0609007,gmina_lubelskie_09_07,0609,06,63732,51.56729,22.57494
0610001,gmina_lubelskie_10_01,0610,06,29256,50.79765,23.45394
0610002,gmina_lubelskie_10_02,0610,06,15502,50.84754,23.28262
0610003,gmina_lubelskie_10_03,0610,06,13735,50.76825,23.24598
0610004,gmina_lubelskie_10_04,0610,06,23010,51.15747,23.43431
0610005,gmina_lubelskie_10_05,0610,06,63322,50.79728,23.35695
0611001,gmina_lubelskie_11_01,0611,06,42214,50.71493,20.7516
0611002,gmina_lubelskie_11_02,0611,06,28764,51.12255,21.10445
0611003,gmina_lubelskie_11_03,0611,06,9874,51.11808,21.17732
0611004,gmina_lubelskie_11_04,0611,06,11282,50.83319,21.19539
0611005,gmina_lubelskie_11_05,0611,06,67780,51.04504,21.0193
0612001,gmina_lubelskie_12_01,0612,06,54848,51.33107,22.89524
0612002,gmina_lubelskie_12_02,0612,06,66585,51.52752,22.7546
0612003,gmina_lubelskie_12_03,0612,06,32925,51.55918,22.98031
0612004,gmina_lubelskie_12_04,0612,06,10277,51.68675,23.08572
0612005,gmina_lubelskie_12_05,0612,06,3855,51.70387,22.79645
0612006,gmina_lubelskie_12_06,0612,06,40813,51.62084,22.89228
0613001,gmina_lubelskie_13_01,0613,06,52968,51.20265,21.81845
0613002,gmina_lubelskie_13_02,0613,06,23597,50.9733,21.62408
0613003,gmina_lubelskie_13_03,0613,06,24998,50.99519,21.69969
0613004,gmina_lubelskie_13_04,0613,06,38501,51.07189,21.85411
0613005,gmina_lubelskie_13_05,0613,06,22036,51.20681,21.59135
0613006,gmina_lubelskie_13_06,0613,06,12793,51.18035,21.50422
0614001,gmina_lubelskie_14_01,0614,06,66057,51.31372,22.60144
0614002,gmina_lubelskie_14_02,0614,06,63200,51.42899,22.73837
0614003,gmina_lubelskie_14_03,0614,06,57883,51.27768,22.4067
0614004,gmina_lubelskie_14_04,0614,06,27782,51.23222,22.41052
0614005,gmina_lubelskie_14_05,0614,06,63742,51.27647,22.47159
0614006,gmina_lubelskie_14_06,0614,06,46843,51.38436,22.15918
0615001,gmina_lubelskie_15_01,0615,06,39389,50.23165,23.00399
0615002,gmina_lubelskie_15_02,0615,06,53876,50.66453,23.13958
0615003,gmina_lubelskie_15_03,0615,06,5657,50.347,22.94458
0615004,gmina_lubelskie_15_04,0615,06,19696,50.12728,23.04893
0615005,gmina_lubelskie_15_05,0615,06,17735,50.19925,22.90188
0615006,gmina_lubelskie_15_06,0615,06,65710,50.25361,22.85326
0615007,gmina_lubelskie_15_07,0615,06,65494,50.1331,23.10599
0616001,gmina_lubelskie_16_01,0616,06,59933,51.43708,22.62916
0616002,gmina_lubelskie_16_02,0616,06,63693,51.52144,22.24309
0616003,gmina_lubelskie_16_03,0616,06,26292,51.67121,22.32388
0616004,gmina_lubelskie_16_04,0616,06,6361,51.64013,22.72569
0617001,gmina_lubelskie_17_01,0617,06,20627,51.31952,22.65514
0617002,gmina_lubelskie_17_02,0617,06,43283,51.16187,22.52676
0617003,gmina_lubelskie_17_03,0617,06,46043,51.1945,22.93162
0617004,gmina_lubelskie_17_04,0617,06,65421,50.95821,22.75701
0617005,gmina_lubelskie_17_05,0617,06,36373,51.26123,22.47635
0618001,gmina_lubelskie_18_01,0618,06,16668,51.04033,23.12707
0618002,gmina_lubelskie_18_02,0618,06,55353,50.88412,23.48582
0618003,gmina_lubelskie_18_03,0618,06,60332,50.69487,23.12055
0618004,gmina_lubelskie_18_04,0618,06,43786,50.85567,22.96782
0618005,gmina_lubelskie_18_05,0618,06,26250,51.09888,23.10439
0618006,gmina_lubelskie_18_06,0618,06,67572,50.7034,23.19865
0618007,gmina_lubelskie_18_07,0618,06,36362,50.76572,23.14206
0619001,gmina_lubelskie_19_01,0619,06,61577,50.76801,22.70375
0619002,gmina_lubelskie_19_02,0619,06,6382,50.65407,22.72331
0619003,gmina_lubelskie_19_03,0619,06,62422,50.65829,22.91055
0619004,gmina_lubelskie_19_04,0619,06,13196,50.81947,22.7032
0619005,gmina_lubelskie_19_05,0619,06,65931,50.75641,22.58363
0619006,gmina_lubelskie_19_06,0619,06,15033,50.86934,22.91748
0619007,gmina_lubelskie_19_07,0619,06,8041,50.51049,22.8966
0619008,gmina_lubelskie_19_08,0619,06,42785,50.49872,22.76006
0619009,gmina_lubelskie_19_09,0619,06,57550,50.7548,22.85292
0620001,gmina_lubelskie_20_01,0620,06,30791,50.95173,22.67939
0620002,gmina_lubelskie_20_02,0620,06,48460,51.30305,22.44984
0620003,gmina_lubelskie_20_03,0620,06,14701,51.48679,22.55633
0620004,gmina_lubelskie_20_04,0620,06,27717,51.36818,22.58365
0620005,gmina_lubelskie_20_05,0620,06,14618,51.51651,22.64337
0620006,gmina_lubelskie_20_06,0620,06,63411,51.38454,22.43078
0620007,gmina_lubelskie_20_07,0620,06,20511,51.40279,22.70098
0620008,gmina_lubelskie_20_08,0620,06,66393,51.39927,22.50461
0621001,gmina_lubelskie_21_01,0621,06,63559,51.67118,22.50296
0621002,gmina_lubelskie_21_02,0621,06,5992,51.77993,22.49609
0621003,gmina_lubelskie_21_03,0621,06,45497,51.81338,22.32479
0621004,gmina_lubelskie_21_04,0621,06,43240,52.03653,22.14094
0621005,gmina_lubelskie_21_05,0621,06,43166,51.92449,22.25546
0621006,gmina_lubelskie_21_06,0621,06,64613,52.03647,22.55109
0622001,gmina_lubelskie_22_01,0622,06,9985,51.70865,22.8096
0622002,gmina_lubelskie_22_02,0622,06,37579,51.68145,22.43958
0622003,gmina_lubelskie_22_03,0622,06,12530,51.77763,22.69016
0622004,gmina_lubelskie_22_04,0622,06,30581,51.75479,22.54206
0622005,gmina_lubelskie_22_05,0622,06,52311,51.54501,22.32374
0622006,gmina_lubelskie_22_06,0622,06,14239,51.68868,22.57206
0623001,gmina_lubelskie_23_01,0623,06,35733,50.9788,21.0021
0623002,gmina_lubelskie_23_02,0623,06,33440,50.88442,21.1746
0623003,gmina_lubelskie_23_03,0623,06,49442,51.10291,21.31653
0623004,gmina_lubelskie_23_04,0623,06,44009,51.26234,20.89536
0623005,gmina_lubelskie_23_05,0623,06,20524,51.02288,21.02599
0624001,gmina_lubelskie_24_01,0624,06,33282,51.19096,22.72055
0624002,gmina_lubelskie_24_02,0624,06,52807,51.4379,22.40979
0624003,gmina_lubelskie_24_03,0624,06,43576,51.33099,22.23668
0624004,gmina_lubelskie_24_04,0624,06,48464,51.26557,22.51078
0624005,gmina_lubelskie_24_05,0624,06,26354,51.21104,22.14679
0624006,gmina_lubelskie_24_06,0624,06,34228,51.02028,22.0698
0624007,gmina_lubelskie_24_07,0624,06,32232,51.22004,22.53262
0624008,gmina_lubelskie_24_08,0624,06,26554,50.91195,22.32209
0801001,gmina_lubuskie_01_01,0801,08,43295,52.62084,16.66574
0801002,gmina_lubuskie_01_02,0801,08,27959,52.74486,16.41113
0801003,gmina_lubuskie_01_03,0801,08,21086,52.71452,16.51722
0801004,gmina_lubuskie_01_04,0801,08,57159,52.78577,16.17312
0801005,gmina_lubuskie_01_05,0801,08,13396,52.71431,16.4214
0802001,gmina_lubuskie_02_01,0802,08,56697,52.43519,15.05088
0802002,gmina_lubuskie_02_02,0802,08,48472,52.52312,15.04351
0802003,gmina_lubuskie_02_03,0802,08,9016,52.32756,15.13692
0802004,gmina_lubuskie_02_04,0802,08,55757,52.39996,15.43955
0802005,gmina_lubuskie_02_05,0802,08,13827,52.45363,15.30732
0802006,gmina_lubuskie_02_06,0802,08,13474,52.20722,15.22062
0803001,gmina_lubuskie_03_01,0803,08,2755,53.69538,14.9932
0803002,gmina_lubuskie_03_02,0803,08,30849,53.36025,15.34644
0803003,gmina_lubuskie_03_03,0803,08,5708,53.74952,15.26236
0803004,gmina_lubuskie_03_04,0803,08,63366,53.32747,15.10991
0803005,gmina_lubuskie_03_05,0803,08,33014,53.54852,15.28265
0803006,gmina_lubuskie_03_06,0803,08,42414,53.52378,15.48541
0803007,gmina_lubuskie_03_07,0803,08,52126,53.55681,14.97124
0804001,gmina_lubuskie_04_01,0804,08,7172,53.12685,15.35908
0804002,gmina_lubuskie_04_02,0804,08,67305,52.87453,15.66532
0804003,gmina_lubuskie_04_03,0804,08,8993,52.7799,15.39661
0804004,gmina_lubuskie_04_04,0804,08,46017,52.96534,15.67984
0804005,gmina_lubuskie_04_05,0804,08,59586,53.03006,15.52865
0804006,gmina_lubuskie_04_06,0804,08,56229,52.96849,15.26053
0804007,gmina_lubuskie_04_07,0804,08,41937,52.89484,15.63364
0805001,gmina_lubuskie_05_01,0805,08,43465,52.8586,14.15797
0805002,gmina_lubuskie_05_02,0805,08,64643,52.82443,14.26154
0805003,gmina_lubuskie_05_03,0805,08,50779,53.0113,14.35479
0805004,gmina_lubuskie_05_04,0805,08,13415,52.85515,14.40051
0805005,gmina_lubuskie_05_05,0805,08,21621,52.75703,14.22768
0805006,gmina_lubuskie_05_06,0805,08,46664,52.82359,14.19196
0806001,gmina_lubuskie_06_01,0806,08,48108,52.77947,15.69599
0806002,gmina_lubuskie_06_02,0806,08,18550,52.80638,15.40877
0806003,gmina_lubuskie_06_03,0806,08,57478,52.81189,15.80595
0806004,gmina_lubuskie_06_04,0806,08,15905,52.52022,15.69666
0806005,gmina_lubuskie_06_05,0806,08,15624,52.78817,15.72938
0807001,gmina_lubuskie_07_01,0807,08,15569,52.13995,15.32519
0807002,gmina_lubuskie_07_02,0807,08,13239,52.38549,14.95252
0807003,gmina_lubuskie_07_03,0807,08,14741,52.26141,15.14653
0807004,gmina_lubuskie_07_04,0807,08,50692,52.49385,15.24675
0807005,gmina_lubuskie_07_05,0807,08,47504,52.48642,15.21252
0808001,gmina_lubuskie_08_01,0808,08,65981,53.56705,14.42534
0808002,gmina_lubuskie_08_02,0808,08,8273,53.36206,14.87012
0808003,gmina_lubuskie_08_03,0808,08,17554,53.42805,14.61799
0808004,gmina_lubuskie_08_04,0808,08,20960,53.35277,14.69894
0808005,gmina_lubuskie_08_05,0808,08,41610,53.39713,14.6654
0808006,gmina_lubuskie_08_06,0808,08,19947,53.31451,14.73796
0809001,gmina_lubuskie_09_01,0809,08,18735,54.03905,14.27011
0809002,gmina_lubuskie_09_02,0809,08,4124,54.06302,14.45074
0809003,gmina_lubuskie_09_03,0809,08,27798,54.11115,13.88757
0809004,gmina_lubuskie_09_04,0809,08,62531,54.17074,14.32267
0809005,gmina_lubuskie_09_05,0809,08,58616,53.8054,14.12973
0809006,gmina_lubuskie_09_06,0809,08,59223,53.98295,14.25993
0809007,gmina_lubuskie_09_07,0809,08,9860,54.10497,13.98022
0810001,gmina_lubuskie_10_01,0810,08,53491,52.95776,15.32504
0810002,gmina_lubuskie_10_02,0810,08,12474,53.08909,15.3483
0810003,gmina_lubuskie_10_03,0810,08,51407,52.95503,15.25311
0810004,gmina_lubuskie_10_04,0810,08,46311,53.30104,15.21597
0810005,gmina_lubuskie_10_05,0810,08,35249,53.05877,15.1635
0810006,gmina_lubuskie_10_06,0810,08,54639,53.21872,15.18285
0811001,gmina_lubuskie_11_01,0811,08,18133,52.41192,14.49834
0811002,gmina_lubuskie_11_02,0811,08,55699,52.951,14.20203
0811003,gmina_lubuskie_11_03,0811,08,62562,52.62735,14.66578
0811004,gmina_lubuskie_11_04,0811,08,6502,52.55018,14.41389
0811005,gmina_lubuskie_11_05,0811,08,67114,52.64095,14.42317
0811006,gmina_lubuskie_11_06,0811,08,35997,52.62908,14.12236
0811007,gmina_lubuskie_11_07,0811,08,53951,52.65826,14.45006
0812001,gmina_lubuskie_12_01,0812,08,21272,52.5501,14.30683
0812002,gmina_lubuskie_12_02,0812,08,45391,52.4494,14.18766
0812003,gmina_lubuskie_12_03,0812,08,22998,52.80418,14.2494
0812004,gmina_lubuskie_12_04,0812,08,39105,52.72771,14.26559
0812005,gmina_lubuskie_12_05,0812,08,51477,52.6261,14.49141
0812006,gmina_lubuskie_12_06,0812,08,3845,52.57496,14.10012
0812007,gmina_lubuskie_12_07,0812,08,36540,52.57534,14.15187
0812008,gmina_lubuskie_12_08,0812,08,59169,52.69781,14.2772
0813001,gmina_lubuskie_13_01,0813,08,24334,53.67319,14.30688
0813002,gmina_lubuskie_13_02,0813,08,65253,53.43504,14.32215
0813003,gmina_lubuskie_13_03,0813,08,8607,53.67839,14.32583
0813004,gmina_lubuskie_13_04,0813,08,33320,53.87057,14.25802
0813005,gmina_lubuskie_13_05,0813,08,57222,53.44149,14.38682
0813006,gmina_lubuskie_13_06,0813,08,55538,53.72262,14.12223
0813007,gmina_lubuskie_13_07,0813,08,13028,53.66146,14.19971
0814001,gmina_lubuskie_14_01,0814,08,61571,52.81294,14.39786
0814002,gmina_lubuskie_14_02,0814,08,5856,53.1412,14.51951
0814003,gmina_lubuskie_14_03,0814,08,67326,52.87237,14.41921
0814004,gmina_lubuskie_14_04,0814,08,7428,52.99952,14.48935
0814005,gmina_lubuskie_14_05,0814,08,53066,52.99063,14.46959
0814006,gmina_lubuskie_14_06,0814,08,63948,52.9275,14.65023
0814007,gmina_lubuskie_14_07,0814,08,48984,52.81676,14.47356
0814008,gmina_lubuskie_14_08,0814,08,29650,53.00912,14.44171
1001001,gmina_lodzkie_01_01,1001,10,54533,52.47776,19.61468
1001002,gmina_lodzkie_01_02,1001,10,60153,52.4313,19.65994
1001003,gmina_lodzkie_01_03,1001,10,6946,52.50658,19.6147
1001004,gmina_lodzkie_01_04,1001,10,44862,52.30518,19.64812
1001005,gmina_lodzkie_01_05,1001,10,62028,52.5334,19.83923
1002001,gmina_lodzkie_02_01,1002,10,63017,52.33527,20.58279
1002002,gmina_lodzkie_02_02,1002,10,10742,52.40627,20.53806
1002003,gmina_lodzkie_02_03,1002,10,51534,52.46942,20.51253
1002004,gmina_lodzkie_02_04,1002,10,31380,52.59765,20.56036
1002005,gmina_lodzkie_02_05,1002,10,56911,52.4295,20.71873
1003001,gmina_lodzkie_03_01,1003,10,50980,51.26456,20.18286
1003002,gmina_lodzkie_03_02,1003,10,65284,51.08017,20.63233
1003003,gmina_lodzkie_03_03,1003,10,36797,51.33115,20.41362
1003004,gmina_lodzkie_03_04,1003,10,46062,51.09811,20.50839
1003005,gmina_lodzkie_03_05,1003,10,33681,51.38363,20.57582
1003006,gmina_lodzkie_03_06,1003,10,35768,51.26516,20.56083
1003007,gmina_lodzkie_03_07,1003,10,31628,51.01037,20.39709
1003008,gmina_lodzkie_03_08,1003,10,44576,51.18686,20.102
1004001,gmina_lodzkie_04_01,1004,10,30394,51.55996,19.2091
1004002,gmina_lodzkie_04_02,1004,10,28393,51.69073,19.23127
1004003,gmina_lodzkie_04_03,1004,10,43283,51.57995,19.29476
1004004,gmina_lodzkie_04_04,1004,10,11930,51.69522,19.27989
1004005,gmina_lodzkie_04_05,1004,10,17070,51.63837,19.4337
1004006,gmina_lodzkie_04_06,1004,10,25631,51.37661,19.32379
1005001,gmina_lodzkie_05_01,1005,10,67922,51.85338,19.70282
1005002,gmina_lodzkie_05_02,1005,10,9039,51.7331,19.21637
1005003,gmina_lodzkie_05_03,1005,10,36672,51.86701,19.74907
1005004,gmina_lodzkie_05_04,1005,10,26898,51.65266,19.6614
1005005,gmina_lodzkie_05_05,1005,10,36789,51.87888,19.80301
1005006,gmina_lodzkie_05_06,1005,10,31521,51.73757,19.67316
1006001,gmina_lodzkie_06_01,1006,10,67010,51.86934,18.85954
1006002,gmina_lodzkie_06_02,1006,10,39911,51.76048,19.08199
1006003,gmina_lodzkie_06_03,1006,10,43947,51.67702,18.7515
1006004,gmina_lodzkie_06_04,1006,10,36723,51.90838,18.60589
1006005,gmina_lodzkie_06_05,1006,10,10222,51.62377,18.51943
1006006,gmina_lodzkie_06_06,1006,10,8739,51.64873,18.78394
1006007,gmina_lodzkie_06_07,1006,10,52068,51.88009,18.74282
1007001,gmina_lodzkie_07_01,1007,10,2468,51.77719,19.26838
1007002,gmina_lodzkie_07_02,1007,10,5436,52.00283,19.3583
1007003,gmina_lodzkie_07_03,1007,10,36154,51.95237,19.12183
1007004,gmina_lodzkie_07_04,1007,10,41954,52.05077,19.45922
1007005,gmina_lodzkie_07_05,1007,10,43291,51.88758,19.26192
1007006,gmina_lodzkie_07_06,1007,10,60920,51.95535,19.23604
1007007,gmina_lodzkie_07_07,1007,10,46928,51.98049,19.20548
1008001,gmina_lodzkie_08_01,1008,10,11732,51.27351,18.91987
1008002,gmina_lodzkie_08_02,1008,10,62767,51.69649,18.54293
1008003,gmina_lodzkie_08_03,1008,10,33392,51.60543,19.03064
1008004,gmina_lodzkie_08_04,1008,10,33710,51.52439,18.48184
1008005,gmina_lodzkie_08_05,1008,10,48895,51.54587,18.63293
1009001,gmina_lodzkie_09_01,1009,10,4834,51.75203,18.41943
1009002,gmina_lodzkie_09_02,1009,10,8605,51.57356,18.55871
1009003,gmina_lodzkie_09_03,1009,10,59047,51.65221,18.67382
1009004,gmina_lodzkie_09_04,1009,10,16601,51.79535,18.42922
1009005,gmina_lodzkie_09_05,1009,10,39363,51.99312,18.69781
1009006,gmina_lodzkie_09_06,1009,10,63080,51.83694,18.7004
1009007,gmina_lodzkie_09_07,1009,10,36114,51.85805,18.62491
1010001,gmina_lodzkie_10_01,1010,10,64817,51.63895,19.7878
1010002,gmina_lodzkie_10_02,1010,10,6215,51.72741,19.21188
1010003,gmina_lodzkie_10_03,1010,10,58056,51.49258,19.86356
1010004,gmina_lodzkie_10_04,1010,10,35016,51.38206,19.5245
1010005,gmina_lodzkie_10_05,1010,10,11966,51.70617,19.39206
1010006,gmina_lodzkie_10_06,1010,10,36478,51.56551,19.50872
1011001,gmina_lodzkie_11_01,1011,10,33077,51.62031,18.62546
1011002,gmina_lodzkie_11_02,1011,10,50008,51.41288,19.10749
1011003,gmina_lodzkie_11_03,1011,10,32511,51.34958,19.1572
1011004,gmina_lodzkie_11_04,1011,10,45271,51.37404,18.79216
1011005,gmina_lodzkie_11_05,1011,10,26836,51.42088,18.69659
1011006,gmina_lodzkie_11_06,1011,10,10015,51.36546,18.55167
1011007,gmina_lodzkie_11_07,1011,10,18872,51.47573,18.61207
1012001,gmina_lodzkie_12_01,1012,10,29283,51.46143,18.99925
1012002,gmina_lodzkie_12_02,1012,10,33265,51.22316,18.85536
1012003,gmina_lodzkie_12_03,1012,10,50210,51.3209,19.10528
1012004,gmina_lodzkie_12_04,1012,10,36228,51.29774,18.91417
1012005,gmina_lodzkie_12_05,1012,10,14357,51.47545,18.85751
1012006,gmina_lodzkie_12_06,1012,10,9472,51.41888,18.92221
1013001,gmina_lodzkie_13_01,1013,10,31902,51.4056,19.85425
1013002,gmina_lodzkie_13_02,1013,10,11053,51.4309,19.67773
1013003,gmina_lodzkie_13_03,1013,10,29982,51.68211,19.51234
1013004,gmina_lodzkie_13_04,1013,10,3921,51.56164,19.42389
1013005,gmina_lodzkie_13_05,1013,10,29161,51.66632,19.80499
1013006,gmina_lodzkie_13_06,1013,10,2712,51.48374,19.63713
1013007,gmina_lodzkie_13_07,1013,10,2188,51.42879,19.60105
1014001,gmina_lodzkie_14_01,1014,10,26812,51.54344,19.35147
1014002,gmina_lodzkie_14_02,1014,10,8231,51.71914,19.60618
1014003,gmina_lodzkie_14_03,1014,10,53622,51.77372,19.58317
1014004,gmina_lodzkie_14_04,1014,10,61637,51.68775,19.55446
1014005,gmina_lodzkie_14_05,1014,10,20654,51.57925,19.92337
1014006,gmina_lodzkie_14_06,1014,10,50597,51.56169,19.63855
1015001,gmina_lodzkie_15_01,1015,10,4603,51.86353,18.50962
1015002,gmina_lodzkie_15_02,1015,10,8612,51.95712,18.48504
1015003,gmina_lodzkie_15_03,1015,10,57583,52.10681,18.79277
1015004,gmina_lodzkie_15_04,1015,10,3032,51.89649,18.68287
1015005,gmina_lodzkie_15_05,1015,10,10466,51.78994,18.78046
1015006,gmina_lodzkie_15_06,1015,10,2354,51.87769,18.56097
1015007,gmina_lodzkie_15_07,1015,10,63372,51.89267,18.6762
1015008,gmina_lodzkie_15_08,1015,10,49863,51.68444,18.77779
1016001,gmina_lodzkie_16_01,1016,10,58700,50.84728,19.49402
1016002,gmina_lodzkie_16_02,1016,10,48588,50.62561,19.59118
1016003,gmina_lodzkie_16_03,1016,10,21752,50.773,19.49897
1016004,gmina_lodzkie_16_04,1016,10,32407,50.54803,19.62011
1016005,gmina_lodzkie_16_05,1016,10,13803,50.79715,19.67858
1016006,gmina_lodzkie_16_06,1016,10,21889,50.57796,19.35231
1017001,gmina_lodzkie_17_01,1017,10,49248,51.36567,19.64357
1017002,gmina_lodzkie_17_02,1017,10,50869,51.19317,20.00868
1017003,gmina_lodzkie_17_03,1017,10,4380,51.72385,19.88188
1017004,gmina_lodzkie_17_04,1017,10,21439,51.28831,19.53361
1017005,gmina_lodzkie_17_05,1017,10,55219,51.27403,19.64838
1017006,gmina_lodzkie_17_06,1017,10,47155,51.57629,19.8669
1017007,gmina_lodzkie_17_07,1017,10,67523,51.40174,19.7738
1018001,gmina_lodzkie_18_01,1018,10,6662,51.67191,19.93576
1018002,gmina_lodzkie_18_02,1018,10,63211,51.5145,19.67406
1018003,gmina_lodzkie_18_03,1018,10,24018,51.70474,19.78472
1018004,gmina_lodzkie_18_04,1018,10,19932,51.69291,19.9991
1018005,gmina_lodzkie_18_05,1018,10,66690,51.57843,20.05567
1018006,gmina_lodzkie_18_06,1018,10,24242,51.74771,19.80591
1019001,gmina_lodzkie_19_01,1019,10,4773,51.77571,19.92163
1019002,gmina_lodzkie_19_02,1019,10,35179,51.89736,20.05354
1019003,gmina_lodzkie_19_03,1019,10,50352,51.85369,20.15333
1019004,gmina_lodzkie_19_04,1019,10,57690,51.84885,20.14787
1019005,gmina_lodzkie_19_05,1019,10,52399,51.73196,19.73302
1019006,gmina_lodzkie_19_06,1019,10,22220,52.0372,20.06339
1019007,gmina_lodzkie_19_07,1019,10,4202,51.74375,20.14582
1020001,gmina_lodzkie_20_01,1020,10,7974,51.51639,19.05066
1020002,gmina_lodzkie_20_02,1020,10,51579,51.70329,19.25778
1020003,gmina_lodzkie_20_03,1020,10,20066,51.771,19.21014
1020004,gmina_lodzkie_20_04,1020,10,66093,51.61884,19.1884
1020005,gmina_lodzkie_20_05,1020,10,27799,51.66652,19.21278
1020006,gmina_lodzkie_20_06,1020,10,62489,51.7247,19.18544
1020007,gmina_lodzkie_20_07,1020,10,29999,51.54735,19.18919
1020008,gmina_lodzkie_20_08,1020,10,26589,51.67765,19.53141
1021001,gmina_lodzkie_21_01,1021,10,35077,51.56276,20.06631
1021002,gmina_lodzkie_21_02,1021,10,2302,51.59215,19.56445
1021003,gmina_lodzkie_21_03,1021,10,53748,51.50432,19.73209
1021004,gmina_lodzkie_21_04,1021,10,38762,51.5915,19.89372
1021005,gmina_lodzkie_21_05,1021,10,13052,51.53767,19.63911
1021006,gmina_lodzkie_21_06,1021,10,64032,51.60127,19.57714
1021007,gmina_lodzkie_21_07,1021,10,9425,51.45976,19.54143
1021008,gmina_lodzkie_21_08,1021,10,13758,51.50265,19.71264
1022001,gmina_lodzkie_22_01,1022,10,55812,51.6035,19.89821
1022002,gmina_lodzkie_22_02,1022,10,18928,51.78656,19.73281
1022003,gmina_lodzkie_22_03,1022,10,14111,51.8314,19.7433
1022004,gmina_lodzkie_22_04,1022,10,32979,51.62061,20.07051
1022005,gmina_lodzkie_22_05,1022,10,12146,51.82567,19.95912
1022006,gmina_lodzkie_22_06,1022,10,62767,52.10897,19.58884
1023001,gmina_lodzkie_23_01,1023,10,7609,51.3198,19.07316
1023002,gmina_lodzkie_23_02,1023,10,22171,51.50344,19.12938
1023003,gmina_lodzkie_23_03,1023,10,14380,51.52242,19.20234
1023004,gmina_lodzkie_23_04,1023,10,40928,51.41134,19.46049
1023005,gmina_lodzkie_23_05,1023,10,4365,51.49036,18.82311
1023006,gmina_lodzkie_23_06,1023,10,54700,51.23362,19.12388
1024001,gmina_lodzkie_24_01,1024,10,64680,51.79021,19.31854
1024002,gmina_lodzkie_24_02,1024,10,57123,51.58895,19.20825
1024003,gmina_lodzkie_24_03,1024,10,5813,51.74133,18.90536
1024004,gmina_lodzkie_24_04,1024,10,47908,51.72067,19.16794
1024005,gmina_lodzkie_24_05,1024,10,19137,51.6131,19.11604
1024006,gmina_lodzkie_24_06,1024,10,67836,51.73065,19.29913
1024007,gmina_lodzkie_24_07,1024,10,52897,51.85935,19.15527
1024008,gmina_lodzkie_24_08,1024,10,9936,51.77574,19.3001
1024009,gmina_lodzkie_24_09,1024,10,62028,51.6624,19.32883
1201001,gmina_malopolskie_01_01,1201,12,31174,50.47323,20.65223
1201002,gmina_malopolskie_01_02,1201,12,39005,50.45868,20.54655
1201003,gmina_malopolskie_01_03,1201,12,57015,50.48347,20.52749
1201004,gmina_malopolskie_01_04,1201,12,59351,50.4826,20.52338
1201005,gmina_malopolskie_01_05,1201,12,36535,50.50188,20.67458
1201006,gmina_malopolskie_01_06,1201,12,59331,50.54673,21.00017
1201007,gmina_malopolskie_01_07,1201,12,51485,50.53449,20.47802
1201008,gmina_malopolskie_01_08,1201,12,44723,50.30413,20.90368
1202001,gmina_malopolskie_02_01,1202,12,48889,49.55481,19.31704
1202002,gmina_malopolskie_02_02,1202,12,52390,49.83196,19.23687
1202003,gmina_malopolskie_02_03,1202,12,40642,49.79468,19.4446
1202004,gmina_malopolskie_02_04,1202,12,42216,49.59147,19.11268
1202005,gmina_malopolskie_02_05,1202,12,42629,49.66503,19.55234
1202006,gmina_malopolskie_02_06,1202,12,4658,49.53738,19.35231
1203001,gmina_malopolskie_03_01,1203,12,7916,50.38672,18.66977
1203002,gmina_malopolskie_03_02,1203,12,23291,50.48456,18.71845
1203003,gmina_malopolskie_03_03,1203,12,42697,50.24154,18.65242
1203004,gmina_malopolskie_03_04,1203,12,67669,50.31821,18.70672
1203005,gmina_malopolskie_03_05,1203,12,11589,50.42266,18.59602
1203006,gmina_malopolskie_03_06,1203,12,20830,50.10354,18.55743
1203007,gmina_malopolskie_03_07,1203,12,57584,50.2018,18.73131
1203008,gmina_malopolskie_03_08,1203,12,3957,50.46165,18.6506
1204001,gmina_malopolskie_04_01,1204,12,10613,48.51527,19.43469
1204002,gmina_malopolskie_04_02,1204,12,39775,48.77495,19.41384
1204003,gmina_malopolskie_04_03,1204,12,22124,48.83283,19.29513
1204004,gmina_malopolskie_04_04,1204,12,10974,48.86389,19.60144
1204005,gmina_malopolskie_04_05,1204,12,38580,48.56777,19.30852
1204006,gmina_malopolskie_04_06,1204,12,39384,48.9216,19.42948
1204007,gmina_malopolskie_04_07,1204,12,64582,48.92466,19.38549
1204008,gmina_malopolskie_04_08,1204,12,20869,49.10764,19.11705
1204009,gmina_malopolskie_04_09,1204,12,6788,48.73342,19.15862
1205001,gmina_malopolskie_05_01,1205,12,7687,49.73421,18.34161
1205002,gmina_malopolskie_05_02,1205,12,60484,49.68793,18.62709
1205003,gmina_malopolskie_05_03,1205,12,34165,49.72018,18.55275
1205004,gmina_malopolskie_05_04,1205,12,64359,49.86413,18.42948
1205005,gmina_malopolskie_05_05,1205,12,5225,49.75069,18.47914
1205006,gmina_malopolskie_05_06,1205,12,52324,49.73884,18.77803
1206001,gmina_malopolskie_06_01,1206,12,19231,50.09467,20.17258
1206002,gmina_malopolskie_06_02,1206,12,59054,50.0136,19.81559
1206003,gmina_malopolskie_06_03,1206,12,25966,50.13753,20.19782
1206004,gmina_malopolskie_06_04,1206,12,31722,49.82916,19.9223
1206005,gmina_malopolskie_06_05,1206,12,47733,49.98033,20.16533
1206006,gmina_malopolskie_06_06,1206,12,9315,49.95744,20.6135
1206007,gmina_malopolskie_06_07,1206,12,4927,50.05492,20.33863
1206008,gmina_malopolskie_06_08,1206,12,8860,50.13876,20.14029
1207001,gmina_malopolskie_07_01,1207,12,6557,49.07093,19.80806
1207002,gmina_malopolskie_07_02,1207,12,28039,49.39226,19.95619
1207003,gmina_malopolskie_07_03,1207,12,14344,49.2817,19.93573
1207004,gmina_malopolskie_07_04,1207,12,47593,49.22268,19.64665
1207005,gmina_malopolskie_07_05,1207,12,51653,48.91276,19.86029
1207006,gmina_malopolskie_07_06,1207,12,51199,49.3542,20.08769
1207007,gmina_malopolskie_07_07,1207,12,21488,49.4011,19.67659
1208001,gmina_malopolskie_08_01,1208,12,24869,50.05757,20.14214
1208002,gmina_malopolskie_08_02,1208,12,8902,49.79723,20.33041
1208003,gmina_malopolskie_08_03,1208,12,52310,49.88105,20.18582
1208004,gmina_malopolskie_08_04,1208,12,9998,50.11913,20.14743
1208005,gmina_malopolskie_08_05,1208,12,63282,49.97763,20.09234
1208006,gmina_malopolskie_08_06,1208,12,49841,49.91759,20.19031
1208007,gmina_malopolskie_08_07,1208,12,5714,50.01479,19.95893
1208008,gmina_malopolskie_08_08,1208,12,56626,49.84484,20.31363
1208009,gmina_malopolskie_08_09,1208,12,14410,49.7029,20.31115
1209001,gmina_malopolskie_09_01,1209,12,65151,50.62348,19.64967
1209002,gmina_malopolskie_09_02,1209,12,47550,50.41633,19.72968
1209003,gmina_malopolskie_09_03,1209,12,37510,50.47425,19.88593
1209004,gmina_malopolskie_09_04,1209,12,58103,50.60823,19.84388
1210001,gmina_malopolskie_10_01,1210,12,40393,50.35911,19.83105
1210002,gmina_malopolskie_10_02,1210,12,8724,50.42558,19.71509
1210003,gmina_malopolskie_10_03,1210,12,19882,50.40204,19.95048
1210004,gmina_malopolskie_10_04,1210,12,28196,50.25032,19.86403
1210005,gmina_malopolskie_10_05,1210,12,41008,50.61598,20.31173
1210006,gmina_malopolskie_10_06,1210,12,65405,50.38951,20.19324
1211001,gmina_malopolskie_11_01,1211,12,40948,49.2841,18.84663
1211002,gmina_malopolskie_11_02,1211,12,53619,49.23001,19.25345
1211003,gmina_malopolskie_11_03,1211,12,11267,49.00763,18.91365
1211004,gmina_malopolskie_11_04,1211,12,67053,48.88473,19.08076
1211005,gmina_malopolskie_11_05,1211,12,17346,48.95024,18.93274
1211006,gmina_malopolskie_11_06,1211,12,57168,48.95808,18.75905
1212001,gmina_malopolskie_12_01,1212,12,52939,50.18521,20.57893
1212002,gmina_malopolskie_12_02,1212,12,67435,50.27225,20.61864
1212003,gmina_malopolskie_12_03,1212,12,38359,50.51457,20.42737
1212004,gmina_malopolskie_12_04,1212,12,43327,50.27606,20.6186
1212005,gmina_malopolskie_12_05,1212,12,47015,50.10653,20.42304
1212006,gmina_malopolskie_12_06,1212,12,41446,50.06851,20.42186
1213001,gmina_malopolskie_13_01,1213,12,64051,49.85812,20.18111
1213002,gmina_malopolskie_13_02,1213,12,48279,49.92692,20.46303
1213003,gmina_malopolskie_13_03,1213,12,17206,49.94307,20.37533
1213004,gmina_malopolskie_13_04,1213,12,67657,50.04036,20.69937
1213005,gmina_malopolskie_13_05,1213,12,16041,50.18368,20.49035
1213006,gmina_malopolskie_13_06,1213,12,21117,50.04131,20.54021
1214001,gmina_malopolskie_14_01,1214,12,62187,50.04124,19.47468
1214002,gmina_malopolskie_14_02,1214,12,35826,50.26894,19.73145
1214003,gmina_malopolskie_14_03,1214,12,47510,50.19079,19.4756
1214004,gmina_malopolskie_14_04,1214,12,11285,50.29231,19.42252
1214005,gmina_malopolskie_14_05,1214,12,26776,50.31927,19.57648
1214006,gmina_malopolskie_14_06,1214,12,36196,50.30506,19.57126
1214007,gmina_malopolskie_14_07,1214,12,24289,50.21412,19.56336
1215001,gmina_malopolskie_15_01,1215,12,9020,49.45493,20.45217
1215002,gmina_malopolskie_15_02,1215,12,44415,49.90011,20.62836
1215003,gmina_malopolskie_15_03,1215,12,17575,49.87109,20.61738
1215004,gmina_malopolskie_15_04,1215,12,19170,49.89827,20.68697
1215005,gmina_malopolskie_15_05,1215,12,9440,49.78661,20.6847
1215006,gmina_malopolskie_15_06,1215,12,51233,49.70004,20.44363
1215007,gmina_malopolskie_15_07,1215,12,49864,49.76807,20.66864
1215008,gmina_malopolskie_15_08,1215,12,8416,49.75605,20.44602
1215009,gmina_malopolskie_15_09,1215,12,44189,49.92664,20.6287
1216001,gmina_malopolskie_16_01,1216,12,51516,49.31339,19.53354
1216002,gmina_malopolskie_16_02,1216,12,25300,49.42989,19.81041
1216003,gmina_malopolskie_16_03,1216,12,6880,49.2929,19.99479
1216004,gmina_malopolskie_16_04,1216,12,15344,49.49045,19.90837
1216005,gmina_malopolskie_16_05,1216,12,12788,49.37299,19.8449
1216006,gmina_malopolskie_16_06,1216,12,53450,49.47711,19.68316
1216007,gmina_malopolskie_16_07,1216,12,44999,49.13033,19.91993
1216008,gmina_malopolskie_16_08,1216,12,63811,49.40361,19.88685
1217001,gmina_malopolskie_17_01,1217,12,64193,49.86205,20.32321
1217002,gmina_malopolskie_17_02,1217,12,32390,49.69983,20.45308
1217003,gmina_malopolskie_17_03,1217,12,42459,49.70709,20.3558
1217004,gmina_malopolskie_17_04,1217,12,62783,49.65432,20.43536
1217005,gmina_malopolskie_17_05,1217,12,56034,49.87597,20.03724
1217006,gmina_malopolskie_17_06,1217,12,21643,50.11192,20.61154
1218001,gmina_malopolskie_18_01,1218,12,14873,50.42947,20.1467
1218002,gmina_malopolskie_18_02,1218,12,61421,50.23694,20.03565
1218003,gmina_malopolskie_18_03,1218,12,39614,49.97551,20.04043
1218004,gmina_malopolskie_18_04,1218,12,46112,50.29395,20.20108
1218005,gmina_malopolskie_18_05,1218,12,17775,50.23454,19.95362
1218006,gmina_malopolskie_18_06,1218,12,48070,50.1047,19.81113
1218007,gmina_malopolskie_18_07,1218,12,36288,50.37538,20.18491
1218008,gmina_malopolskie_18_08,1218,12,26805,50.3366,19.95142
1219001,gmina_malopolskie_19_01,1219,12,14932,50.21347,20.41875
1219002,gmina_malopolskie_19_02,1219,12,62862,50.28386,20.0598
1219003,gmina_malopolskie_19_03,1219,12,54677,50.48335,20.26829
1219004,gmina_malopolskie_19_04,1219,12,17296,49.99366,20.06149
1219005,gmina_malopolskie_19_05,1219,12,55681,50.36364,20.23902
1219006,gmina_malopolskie_19_06,1219,12,28883,50.3377,20.10612
1219007,gmina_malopolskie_19_07,1219,12,39233,50.38619,20.17907
1219008,gmina_malopolskie_19_08,1219,12,62205,50.35598,20.04952
1220001,gmina_malopolskie_20_01,1220,12,27888,49.46999,19.56504
1220002,gmina_malopolskie_20_02,1220,12,21778,49.56462,19.76917
1220003,gmina_malopolskie_20_03,1220,12,42465,49.40162,19.72329
1220004,gmina_malopolskie_20_04,1220,12,16797,49.76395,19.70853
1220005,gmina_malopolskie_20_05,1220,12,34965,49.85846,19.7224
1220006,gmina_malopolskie_20_06,1220,12,45111,49.84286,19.86576
1220007,gmina_malopolskie_20_07,1220,12,54798,49.57124,19.8071
1221001,gmina_malopolskie_21_01,1221,12,13106,50.64001,20.58861
1221002,gmina_malopolskie_21_02,1221,12,18689,50.62105,20.74726
1221003,gmina_malopolskie_21_03,1221,12,17366,50.78526,20.69374
1221004,gmina_malopolskie_21_04,1221,12,67135,50.60048,20.8527
1221005,gmina_malopolskie_21_05,1221,12,58168,50.70481,20.73235
1221006,gmina_malopolskie_21_06,1221,12,47395,50.50227,20.59332
1222001,gmina_malopolskie_22_01,1222,12,25127,50.70562,20.2368
1222002,gmina_malopolskie_22_02,1222,12,13079,50.5303,19.55032
1222003,gmina_malopolskie_22_03,1222,12,3768,50.56028,19.85066
1222004,gmina_malopolskie_22_04,1222,12,58769,50.5916,19.89687
1222005,gmina_malopolskie_22_05,1222,12,29786,50.64437,19.92594
1222006,gmina_malopolskie_22_06,1222,12,38639,50.53668,19.74195
1222007,gmina_malopolskie_22_07,1222,12,30160,50.48202,19.78636
1222008,gmina_malopolskie_22_08,1222,12,12917,50.68321,19.79004
1401001,gmina_mazowieckie_01_01,1401,14,14894,52.3027,20.92475
1401002,gmina_mazowieckie_01_02,1401,14,38543,52.1791,20.96072
1401003,gmina_mazowieckie_01_03,1401,14,5580,52.31957,21.08044
1401004,gmina_mazowieckie_01_04,1401,14,36861,51.88548,21.07169
1401005,gmina_mazowieckie_01_05,1401,14,37121,52.08721,21.15836
1401006,gmina_mazowieckie_01_06,1401,14,13383,52.02631,20.76137
1402001,gmina_mazowieckie_02_01,1402,14,64422,52.04102,19.83922
1402002,gmina_mazowieckie_02_02,1402,14,16714,52.15513,20.03381
1402003,gmina_mazowieckie_02_03,1402,14,28661,52.47118,20.19663
1402004,gmina_mazowieckie_02_04,1402,14,54595,52.35368,20.06724
1402005,gmina_mazowieckie_02_05,1402,14,30716,52.17723,20.18109
1402006,gmina_mazowieckie_02_06,1402,14,45014,52.14473,20.1776
1403001,gmina_mazowieckie_03_01,1403,14,5472,52.35618,21.17434
1403002,gmina_mazowieckie_03_02,1403,14,57482,52.71344,21.11788
1403003,gmina_mazowieckie_03_03,1403,14,12007,52.71846,20.94354
1403004,gmina_mazowieckie_03_04,1403,14,5035,52.7098,21.13678
1403005,gmina_mazowieckie_03_05,1403,14,8518,52.74923,21.29227
1403006,gmina_mazowieckie_03_06,1403,14,18994,52.587,21.15409
1404001,gmina_mazowieckie_04_01,1404,14,17607,52.72358,19.91119
1404002,gmina_mazowieckie_04_02,1404,14,47269,52.74973,20.35056
1404003,gmina_mazowieckie_04_03,1404,14,48774,52.61972,19.84765
1404004,gmina_mazowieckie_04_04,1404,14,6774,52.99633,19.98199
1404005,gmina_mazowieckie_04_05,1404,14,36739,52.71941,19.90486
1404006,gmina_mazowieckie_04_06,1404,14,43291,52.7412,20.44928
1404007,gmina_mazowieckie_04_07,1404,14,2436,52.66089,20.15958
1405001,gmina_mazowieckie_05_01,1405,14,34401,52.03157,20.20037
1405002,gmina_mazowieckie_05_02,1405,14,61613,51.85908,20.15296
1405003,gmina_mazowieckie_05_03,1405,14,12772,51.93165,19.97002
1405004,gmina_mazowieckie_05_04,1405,14,33322,51.89556,20.20564
1405005,gmina_mazowieckie_05_05,1405,14,38784,51.72507,20.1352
1405006,gmina_mazowieckie_05_06,1405,14,51651,51.97828,20.17251
1405007,gmina_mazowieckie_05_07,1405,14,20852,51.79048,19.77428
1405008,gmina_mazowieckie_05_08,1405,14,63288,51.99635,19.94628
1406001,gmina_mazowieckie_06_01,1406,14,50726,52.04584,20.13144
1406002,gmina_mazowieckie_06_02,1406,14,15182,52.01347,19.96916
1406003,gmina_mazowieckie_06_03,1406,14,56508,51.91721,19.93985
1406004,gmina_mazowieckie_06_04,1406,14,36409,52.01077,19.93405
1406005,gmina_mazowieckie_06_05,1406,14,26407,51.99902,19.84652
1406006,gmina_mazowieckie_06_06,1406,14,52021,51.85256,20.08843
1406007,gmina_mazowieckie_06_07,1406,14,18042,52.07708,20.06982
1406008,gmina_mazowieckie_06_08,1406,14,6793,51.93991,19.99923
1407001,gmina_mazowieckie_07_01,1407,14,52608,51.97368,20.63706
1407002,gmina_mazowieckie_07_02,1407,14,32485,52.13083,20.87088
1407003,gmina_mazowieckie_07_03,1407,14,45549,52.06063,20.72158
1407004,gmina_mazowieckie_07_04,1407,14,16011,51.90412,20.72125
1407005,gmina_mazowieckie_07_05,1407,14,22833,52.11386,20.90267
1407006,gmina_mazowieckie_07_06,1407,14,44919,51.87657,20.78018
1407007,gmina_mazowieckie_07_07,1407,14,38669,52.21218,20.45629
1407008,gmina_mazowieckie_07_08,1407,14,2914,51.8089,20.66129
1408001,gmina_mazowieckie_08_01,1408,14,3141,52.07788,20.69308
1408002,gmina_mazowieckie_08_02,1408,14,14690,52.17832,20.89918
1408003,gmina_mazowieckie_08_03,1408,14,7994,52.18655,20.5322
1408004,gmina_mazowieckie_08_04,1408,14,28901,52.16482,20.61373
1408005,gmina_mazowieckie_08_05,1408,14,3403,52.07813,20.76012
1408006,gmina_mazowieckie_08_06,1408,14,60298,52.32712,20.51242
1409001,gmina_mazowieckie_09_01,1409,14,66760,53.40361,20.34732
1409002,gmina_mazowieckie_09_02,1409,14,39042,53.26347,20.59532
1409003,gmina_mazowieckie_09_03,1409,14,29609,53.30744,20.69804
1409004,gmina_mazowieckie_09_04,1409,14,33721,53.25563,20.682
1409005,gmina_mazowieckie_09_05,1409,14,26898,53.3529,20.62372
1409006,gmina_mazowieckie_09_06,1409,14,27840,53.14157,20.41579
1409007,gmina_mazowieckie_09_07,1409,14,39389,53.19674,20.63242
1409008,gmina_mazowieckie_09_08,1409,14,9621,53.25728,20.73557
1410001,gmina_mazowieckie_10_01,1410,14,32003,53.00956,21.13411
1410002,gmina_mazowieckie_10_02,1410,14,59634,52.76061,21.0015
1410003,gmina_mazowieckie_10_03,1410,14,12461,52.61383,21.24513
1410004,gmina_mazowieckie_10_04,1410,14,29058,53.2025,20.9701
1410005,gmina_mazowieckie_10_05,1410,14,40735,52.6413,21.22549
1410006,gmina_mazowieckie_10_06,1410,14,62255,52.81315,21.23543
1411001,gmina_mazowieckie_11_01,1411,14,39079,51.20935,20.65609
1411002,gmina_mazowieckie_11_02,1411,14,12108,51.28382,20.55142
1411003,gmina_mazowieckie_11_03,1411,14,67114,51.34764,20.70079
1411004,gmina_mazowieckie_11_04,1411,14,51078,51.5719,20.75775
1411005,gmina_mazowieckie_11_05,1411,14,29489,51.60402,20.63706
1412001,gmina_mazowieckie_12_01,1412,14,32815,52.31424,21.16052
1412002,gmina_mazowieckie_12_02,1412,14,62265,52.41227,21.27629
1412003,gmina_mazowieckie_12_03,1412,14,23320,52.27449,21.18522
1412004,gmina_mazowieckie_12_04,1412,14,18214,52.27136,21.09767
1412005,gmina_mazowieckie_12_05,1412,14,51001,52.36768,21.15328
1412006,gmina_mazowieckie_12_06,1412,14,41002,52.46257,21.20166
1412007,gmina_mazowieckie_12_07,1412,14,12318,52.49021,21.2054
1413001,gmina_mazowieckie_13_01,1413,14,39788,52.06087,20.84079
1413002,gmina_mazowieckie_13_02,1413,14,14660,51.99521,21.33472
1413003,gmina_mazowieckie_13_03,1413,14,45088,52.05812,20.67504
1413004,gmina_mazowieckie_13_04,1413,14,56722,52.31106,21.2848
1413005,gmina_mazowieckie_13_05,1413,14,20217,52.29629,20.86949
1413006,gmina_mazowieckie_13_06,1413,14,34730,51.9644,21.06854
1413007,gmina_mazowieckie_13_07,1413,14,5818,51.89278,20.92954
1413008,gmina_mazowieckie_13_08,1413,14,63237,52.17507,21.16076
1414001,gmina_mazowieckie_14_01,1414,14,56208,52.24927,20.40642
1414002,gmina_mazowieckie_14_02,1414,14,51641,52.48359,20.14643
1414003,gmina_mazowieckie_14_03,1414,14,8292,51.99012,19.98455
1414004,gmina_mazowieckie_14_04,1414,14,6421,52.2941,20.14715
1414005,gmina_mazowieckie_14_05,1414,14,7392,52.55981,20.46969
1414006,gmina_mazowieckie_14_06,1414,14,51990,52.30812,20.24613
1415001,gmina_mazowieckie_15_01,1415,14,51505,52.41979,22.07711
1415002,gmina_mazowieckie_15_02,1415,14,18268,52.42354,21.8429
1415003,gmina_mazowieckie_15_03,1415,14,7861,51.99832,21.54952
1415004,gmina_mazowieckie_15_04,1415,14,9261,52.39447,21.90823
1415005,gmina_mazowieckie_15_05,1415,14,39582,52.34938,22.20218
1415006,gmina_mazowieckie_15_06,1415,14,2102,52.32184,21.93874
1415007,gmina_mazowieckie_15_07,1415,14,41680,52.22969,21.89456
1416001,gmina_mazowieckie_16_01,1416,14,49303,51.5538,21.94994
1416002,gmina_mazowieckie_16_02,1416,14,42697,51.55109,21.78053
1416003,gmina_mazowieckie_16_03,1416,14,17416,51.57351,21.83633
1416004,gmina_mazowieckie_16_04,1416,14,62987,51.45607,21.76544
1416005,gmina_mazowieckie_16_05,1416,14,46861,51.85698,21.77109
1416006,gmina_mazowieckie_16_06,1416,14,62615,51.7589,21.75415
1417001,gmina_mazowieckie_17_01,1417,14,14893,52.54508,20.31877
1417002,gmina_mazowieckie_17_02,1417,14,11840,52.51878,20.38577
1417003,gmina_mazowieckie_17_03,1417,14,10983,52.33123,20.66569
1417004,gmina_mazowieckie_17_04,1417,14,17984,52.2758,20.16062
1417005,gmina_mazowieckie_17_05,1417,14,44912,52.64193,20.41436
1417006,gmina_mazowieckie_17_06,1417,14,13844,52.29547,20.48309
1418001,gmina_mazowieckie_18_01,1418,14,2555,52.4587,21.77558
1418002,gmina_mazowieckie_18_02,1418,14,61830,52.65667,22.04811
1418003,gmina_mazowieckie_18_03,1418,14,17603,52.8256,22.03485
1418004,gmina_mazowieckie_18_04,1418,14,16493,52.46408,22.11036
1418005,gmina_mazowieckie_18_05,1418,14,37516,52.44516,21.99042
1419001,gmina_mazowieckie_19_01,1419,14,22737,52.51472,21.45845
1419002,gmina_mazowieckie_19_02,1419,14,61504,52.57493,21.19099
1419003,gmina_mazowieckie_19_03,1419,14,4942,52.67574,21.33597
1419004,gmina_mazowieckie_19_04,1419,14,16456,52.5647,21.26192
1420001,gmina_mazowieckie_20_01,1420,14,14736,52.2345,21.49918
1420002,gmina_mazowieckie_20_02,1420,14,3360,52.20615,21.30918
1420003,gmina_mazowieckie_20_03,1420,14,63876,52.07954,21.313
1420004,gmina_mazowieckie_20_04,1420,14,2109,52.1726,21.18215
1420005,gmina_mazowieckie_20_05,1420,14,31675,52.12408,21.35666
1421001,gmina_mazowieckie_21_01,1421,14,54924,52.25819,21.43625
1421002,gmina_mazowieckie_21_02,1421,14,23728,51.95167,21.13235
1421003,gmina_mazowieckie_21_03,1421,14,18551,52.01447,21.09478
1421004,gmina_mazowieckie_21_04,1421,14,10331,52.0157,21.20099
1421005,gmina_mazowieckie_21_05,1421,14,37534,52.03207,21.46547
1421006,gmina_mazowieckie_21_06,1421,14,8308,52.09903,21.67241
1421007,gmina_mazowieckie_21_07,1421,14,39041,52.03542,21.27758
1422001,gmina_mazowieckie_22_01,1422,14,5561,52.22783,21.38684
1422002,gmina_mazowieckie_22_02,1422,14,28663,52.13348,21.3727
1422003,gmina_mazowieckie_22_03,1422,14,44134,52.50252,21.11224
1422004,gmina_mazowieckie_22_04,1422,14,24089,52.11343,21.04798
1422005,gmina_mazowieckie_22_05,1422,14,1854,52.47397,21.17476
1422006,gmina_mazowieckie_22_06,1422,14,33764,52.36756,21.1658
1422007,gmina_mazowieckie_22_07,1422,14,23761,52.27652,21.36768
1422008,gmina_mazowieckie_22_08,1422,14,53192,52.22003,21.27404
1422009,gmina_mazowieckie_22_09,1422,14,66823,52.46375,21.4475
1423001,gmina_mazowieckie_23_01,1423,14,37597,51.80328,21.73811
1423002,gmina_mazowieckie_23_02,1423,14,6873,51.86533,21.84768
1423003,gmina_mazowieckie_23_03,1423,14,38818,51.81859,21.442
1423004,gmina_mazowieckie_23_04,1423,14,66979,52.05223,21.69398
1423005,gmina_mazowieckie_23_05,1423,14,47996,51.95648,21.64689
1423006,gmina_mazowieckie_23_06,1423,14,2088,51.96781,21.3186
1424001,gmina_mazowieckie_24_01,1424,14,63985,51.98989,21.18528
1424002,gmina_mazowieckie_24_02,1424,14,49928,51.9859,21.03264
1424003,gmina_mazowieckie_24_03,1424,14,42028,51.78141,20.93952
1424004,gmina_mazowieckie_24_04,1424,14,3577,51.93191,21.169
1424005,gmina_mazowieckie_24_05,1424,14,18800,51.95955,21.17814
1424006,gmina_mazowieckie_24_06,1424,14,38541,51.96091,21.13249
1424007,gmina_mazowieckie_24_07,1424,14,22302,51.79415,21.19847
1424008,gmina_mazowieckie_24_08,1424,14,62885,51.97545,21.03217
1425001,gmina_mazowieckie_25_01,1425,14,66745,52.41632,20.83753
1425002,gmina_mazowieckie_25_02,1425,14,8112,52.32164,20.98257
1425003,gmina_mazowieckie_25_03,1425,14,46390,52.6459,20.63061
1425004,gmina_mazowieckie_25_04,1425,14,11494,52.28494,20.60337
1425005,gmina_mazowieckie_25_05,1425,14,57127,52.3604,20.64879
1425006,gmina_mazowieckie_25_06,1425,14,19955,52.48274,20.70528
1426001,gmina_mazowieckie_26_01,1426,14,21343,52.26453,20.38582
1426002,gmina_mazowieckie_26_02,1426,14,44703,52.69093,20.46789
1426003,gmina_mazowieckie_26_03,1426,14,26057,52.25284,20.5018
1426004,gmina_mazowieckie_26_04,1426,14,8415,52.41467,20.59882
1426005,gmina_mazowieckie_26_05,1426,14,17863,52.25977,20.56452
1426006,gmina_mazowieckie_26_06,1426,14,25314,52.22972,20.41091
1426007,gmina_mazowieckie_26_07,1426,14,53878,52.18911,20.68032
1427001,gmina_mazowieckie_27_01,1427,14,21655,52.6202,21.26536
1427002,gmina_mazowieckie_27_02,1427,14,35685,52.54224,21.6475
1427003,gmina_mazowieckie_27_03,1427,14,38409,52.56862,21.38924
1427004,gmina_mazowieckie_27_04,1427,14,7614,52.42665,21.63755
1427005,gmina_mazowieckie_27_05,1427,14,8515,52.60893,21.3283
1427006,gmina_mazowieckie_27_06,1427,14,12294,52.4252,21.49
1427007,gmina_mazowieckie_27_07,1427,14,47882,52.34215,21.31964
1428001,gmina_mazowieckie_28_01,1428,14,23316,52.02244,20.84915
1428002,gmina_mazowieckie_28_02,1428,14,11079,51.85799,21.2214
1428003,gmina_mazowieckie_28_03,1428,14,39450,51.81025,21.2436
1428004,gmina_mazowieckie_28_04,1428,14,48412,51.84502,21.23416
1428005,gmina_mazowieckie_28_05,1428,14,64964,51.84026,21.13419
1429001,gmina_mazowieckie_29_01,1429,14,8768,52.36995,21.56164
1429002,gmina_mazowieckie_29_02,1429,14,10850,52.23132,21.7342
1429003,gmina_mazowieckie_29_03,1429,14,29673,52.42521,21.36078
1429004,gmina_mazowieckie_29_04,1429,14,50042,52.65502,21.73178
1429005,gmina_mazowieckie_29_05,1429,14,40131,52.5501,21.58514
1429006,gmina_mazowieckie_29_06,1429,14,65133,52.12485,21.6123
1430001,gmina_mazowieckie_30_01,1430,14,34700,52.06139,20.27454
1430002,gmina_mazowieckie_30_02,1430,14,15430,52.17765,20.33494
1430003,gmina_mazowieckie_30_03,1430,14,3488,52.09444,20.42943
1430004,gmina_mazowieckie_30_04,1430,14,36939,52.12402,20.62559
1430005,gmina_mazowieckie_30_05,1430,14,37948,52.09956,20.32273
1430006,gmina_mazowieckie_30_06,1430,14,59265,51.87052,20.54851
1431001,gmina_mazowieckie_31_01,1431,14,8538,52.22877,21.06084
1431002,gmina_mazowieckie_31_02,1431,14,15060,52.36262,21.46072
1431003,gmina_mazowieckie_31_03,1431,14,57863,52.33265,21.05199
1431004,gmina_mazowieckie_31_04,1431,14,6266,52.29032,21.33154
1431005,gmina_mazowieckie_31_05,1431,14,64302,52.25429,21.53991
1431006,gmina_mazowieckie_31_06,1431,14,14202,52.2946,21.29401
1431007,gmina_mazowieckie_31_07,1431,14,25059,52.19648,21.3297
1432001,gmina_mazowieckie_32_01,1432,14,14502,52.90194,20.69016
1432002,gmina_mazowieckie_32_02,1432,14,8652,52.8006,20.91328
1432003,gmina_mazowieckie_32_03,1432,14,60222,52.88393,20.67989
1432004,gmina_mazowieckie_32_04,1432,14,53028,52.65782,20.55913
1432005,gmina_mazowieckie_32_05,1432,14,3348,52.63271,20.61764
1432006,gmina_mazowieckie_32_06,1432,14,23576,52.85504,21.01923
1432007,gmina_mazowieckie_32_07,1432,14,39152,52.83457,20.94897
1433001,gmina_mazowieckie_33_01,1433,14,46679,52.05851,21.50002
1433002,gmina_mazowieckie_33_02,1433,14,40619,51.89075,21.60938
1433003,gmina_mazowieckie_33_03,1433,14,47745,51.85467,21.65364
1433004,gmina_mazowieckie_33_04,1433,14,36746,51.99963,21.63576
1433005,gmina_mazowieckie_33_05,1433,14,4203,51.91106,21.49438
1434001,gmina_mazowieckie_34_01,1434,14,21469,52.42053,21.8068
1434002,gmina_mazowieckie_34_02,1434,14,64972,52.36072,21.39018
1434003,gmina_mazowieckie_34_03,1434,14,36056,52.16248,21.24162
1434004,gmina_mazowieckie_34_04,1434,14,15217,52.22785,21.41626
1434005,gmina_mazowieckie_34_05,1434,14,11246,52.31162,21.48663
1434006,gmina_mazowieckie_34_06,1434,14,19575,52.40586,21.28676
1434007,gmina_mazowieckie_34_07,1434,14,18162,52.44123,21.43646
1434008,gmina_mazowieckie_34_08,1434,14,50817,52.08483,21.26253
1434009,gmina_mazowieckie_34_09,1434,14,33454,52.39489,21.45826
1435001,gmina_mazowieckie_35_01,1435,14,44695,52.26164,21.29008
1435002,gmina_mazowieckie_35_02,1435,14,26226,52.34473,21.03019
1435003,gmina_mazowieckie_35_03,1435,14,18463,52.29757,21.34088
1435004,gmina_mazowieckie_35_04,1435,14,37550,52.31715,21.40996
1435005,gmina_mazowieckie_35_05,1435,14,35639,52.20898,21.0714
1435006,gmina_mazowieckie_35_06,1435,14,6039,52.44858,21.60189
1435007,gmina_mazowieckie_35_07,1435,14,53885,52.45092,21.09696
1436001,gmina_mazowieckie_36_01,1436,14,25156,52.01319,21.16154
1436002,gmina_mazowieckie_36_02,1436,14,36797,52.18705,21.28326
1436003,gmina_mazowieckie_36_03,1436,14,49945,52.08754,20.71854
1436004,gmina_mazowieckie_36_04,1436,14,39039,52.05162,21.06724
1436005,gmina_mazowieckie_36_05,1436,14,67351,52.15394,21.1422
1436006,gmina_mazowieckie_36_06,1436,14,23565,51.83871,21.18563
1436007,gmina_mazowieckie_36_07,1436,14,52218,52.19555,20.94605
1437001,gmina_mazowieckie_37_01,1437,14,14236,52.25881,20.81343
1437002,gmina_mazowieckie_37_02,1437,14,63903,52.05057,20.76084
1437003,gmina_mazowieckie_37_03,1437,14,56192,52.24153,20.75694
1437004,gmina_mazowieckie_37_04,1437,14,12324,52.2063,20.69986
1437005,gmina_mazowieckie_37_05,1437,14,67395,52.20645,20.8904
1437006,gmina_mazowieckie_37_06,1437,14,7022,52.48679,20.74723
1437007,gmina_mazowieckie_37_07,1437,14,54220,52.23305,20.92244
1438001,gmina_mazowieckie_38_01,1438,14,27570,52.08058,20.4584
1438002,gmina_mazowieckie_38_02,1438,14,21743,52.11672,20.56713
1438003,gmina_mazowieckie_38_03,1438,14,54332,52.2983,20.59004
1438004,gmina_mazowieckie_38_04,1438,14,38364,52.18633,20.43734
1438005,gmina_mazowieckie_38_05,1438,14,30204,52.27203,20.86665
1439001,gmina_mazowieckie_39_01,1439,14,61979,51.76833,21.70207
1439002,gmina_mazowieckie_39_02,1439,14,14978,51.88285,21.8559
1439003,gmina_mazowieckie_39_03,1439,14,51432,51.99467,21.58207
1439004,gmina_mazowieckie_39_04,1439,14,65145,51.6676,21.60923
1439005,gmina_mazowieckie_39_05,1439,14,58464,51.88397,21.41159
1440001,gmina_mazowieckie_40_01,1440,14,61409,52.41721,21.0746
1440002,gmina_mazowieckie_40_02,1440,14,29208,52.24253,21.24361
1440003,gmina_mazowieckie_40_03,1440,14,3764,52.6234,21.13336
1440004,gmina_mazowieckie_40_04,1440,14,39342,52.30703,21.15734
1440005,gmina_mazowieckie_40_05,1440,14,36163,52.36055,20.81651
1440006,gmina_mazowieckie_40_06,1440,14,65290,52.43997,21.01878
1440007,gmina_mazowieckie_40_07,1440,14,60837,52.09122,21.15751
1440008,gmina_mazowieckie_40_08,1440,14,51805,52.17285,21.08935
1441001,gmina_mazowieckie_41_01,1441,14,41238,52.119,22.00901
1441002,gmina_mazowieckie_41_02,1441,14,27018,52.25446,22.01613
1441003,gmina_mazowieckie_41_03,1441,14,26848,52.2379,21.98263
1441004,gmina_mazowieckie_41_04,1441,14,57250,52.10577,21.81575
1441005,gmina_mazowieckie_41_05,1441,14,2040,52.36299,22.18415
1441006,gmina_mazowieckie_41_06,1441,14,12681,52.30071,21.93338
1441007,gmina_mazowieckie_41_07,1441,14,55561,51.98807,22.03231
1441008,gmina_mazowieckie_41_08,1441,14,12024,52.21107,22.08505
1441009,gmina_mazowieckie_41_09,1441,14,31377,51.93972,21.84777
1442001,gmina_mazowieckie_42_01,1442,14,16711,52.18993,22.37251
1442002,gmina_mazowieckie_42_02,1442,14,44614,52.23552,22.09663
1442003,gmina_mazowieckie_42_03,1442,14,38421,52.57883,22.23321
1442004,gmina_mazowieckie_42_04,1442,14,63979,52.51581,21.80314
1442005,gmina_mazowieckie_42_05,1442,14,34786,52.40744,22.32722
1442006,gmina_mazowieckie_42_06,1442,14,41797,52.37155,22.28744
1442007,gmina_mazowieckie_42_07,1442,14,35160,52.56313,22.35475
1442008,gmina_mazowieckie_42_08,1442,14,53816,52.57699,22.26241
1601001,gmina_opolskie_01_01,1601,16,58780,50.62391,17.81638
1601002,gmina_opolskie_01_02,1601,16,20464,50.81291,18.19976
1601003,gmina_opolskie_01_03,1601,16,23137,50.77609,18.12979
1601004,gmina_opolskie_01_04,1601,16,12063,50.75143,18.06438
1601005,gmina_opolskie_01_05,1601,16,6679,50.74986,18.18077
1601006,gmina_opolskie_01_06,1601,16,28203,50.62676,17.99507
1602001,gmina_opolskie_02_01,1602,16,62382,51.43317,17.65446
1602002,gmina_opolskie_02_02,1602,16,17018,51.18101,17.72022
1602003,gmina_opolskie_02_03,1602,16,55156,51.50205,17.8774
1602004,gmina_opolskie_02_04,1602,16,17598,51.42025,17.81071
1602005,gmina_opolskie_02_05,1602,16,30816,51.36384,17.92541
1602006,gmina_opolskie_02_06,1602,16,30938,51.36745,17.77036
1602007,gmina_opolskie_02_07,1602,16,63733,51.15608,17.67305
1603001,gmina_opolskie_03_01,1603,16,36065,51.31407,18.38139
1603002,gmina_opolskie_03_02,1603,16,42514,51.30437,18.34072
1603003,gmina_opolskie_03_03,1603,16,25148,51.38991,17.91788
1603004,gmina_opolskie_03_04,1603,16,12374,51.45052,18.07801
1603005,gmina_opolskie_03_05,1603,16,50016,51.2228,18.15993
1604001,gmina_opolskie_04_01,1604,16,31650,50.78321,17.73143
1604002,gmina_opolskie_04_02,1604,16,15225,50.95421,17.71354
1604003,gmina_opolskie_04_03,1604,16,8842,50.89174,17.71645
1604004,gmina_opolskie_04_04,1604,16,21967,50.95224,17.56263
1604005,gmina_opolskie_04_05,1604,16,5891,50.93833,17.79485
1604006,gmina_opolskie_04_06,1604,16,44516,50.87111,17.92827
1604007,gmina_opolskie_04_07,1604,16,20109,50.71042,17.95012
1605001,gmina_opolskie_05_01,1605,16,19827,50.93557,17.34395
1605002,gmina_opolskie_05_02,1605,16,18155,50.56287,17.30767
1605003,gmina_opolskie_05_03,1605,16,37565,50.81196,17.35476
1605004,gmina_opolskie_05_04,1605,16,15248,50.76484,17.21758
1605005,gmina_opolskie_05_05,1605,16,37259,50.47088,17.28351
1605006,gmina_opolskie_05_06,1605,16,5592,50.7418,17.31838
1606001,gmina_opolskie_06_01,1606,16,23920,50.10022,18.3242
1606002,gmina_opolskie_06_02,1606,16,10312,50.37244,18.11098
1606003,gmina_opolskie_06_03,1606,16,50738,50.00428,18.18724
1606004,gmina_opolskie_06_04,1606,16,21412,50.10178,18.49033
1606005,gmina_opolskie_06_05,1606,16,63047,50.16649,18.2145
1606006,gmina_opolskie_06_06,1606,16,39634,50.43229,18.20635
1606007,gmina_opolskie_06_07,1606,16,67379,49.87749,18.49813
1606008,gmina_opolskie_06_08,1606,16,29982,50.2341,18.66161
1606009,gmina_opolskie_06_09,1606,16,26313,50.29779,18.28598
1607001,gmina_opolskie_07_01,1607,16,64841,51.11081,17.0075
1607002,gmina_opolskie_07_02,1607,16,67396,50.90905,16.92101
1607003,gmina_opolskie_07_03,1607,16,29841,50.94831,16.71729
1607004,gmina_opolskie_07_04,1607,16,29714,51.16347,16.90151
1607005,gmina_opolskie_07_05,1607,16,39802,51.05383,16.97124
1607006,gmina_opolskie_07_06,1607,16,17750,50.92698,16.87237
1607007,gmina_opolskie_07_07,1607,16,46160,51.14533,17.0035
1607008,gmina_opolskie_07_08,1607,16,65202,51.01458,16.86555
1608001,gmina_opolskie_08_01,1608,16,67486,51.34009,18.16249
1608002,gmina_opolskie_08_02,1608,16,12759,51.16303,18.06042
1608003,gmina_opolskie_08_03,1608,16,44054,51.15105,18.48076
1608004,gmina_opolskie_08_04,1608,16,53329,51.01033,18.01801
1608005,gmina_opolskie_08_05,1608,16,54717,51.40174,18.25249
1608006,gmina_opolskie_08_06,1608,16,37826,51.1497,18.03057
1608007,gmina_opolskie_08_07,1608,16,63781,51.37032,18.20405
1609001,gmina_opolskie_09_01,1609,16,65284,51.35523,18.06346
1609002,gmina_opolskie_09_02,1609,16,54481,51.32534,18.00408
1609003,gmina_opolskie_09_03,1609,16,55073,51.49332,17.8033
1609004,gmina_opolskie_09_04,1609,16,35612,51.24487,17.95079
1609005,gmina_opolskie_09_05,1609,16,52314,51.18848,17.99877
1609006,gmina_opolskie_09_06,1609,16,22293,51.22236,17.6953
1609007,gmina_opolskie_09_07,1609,16,12267,51.10124,17.67091
1609008,gmina_opolskie_09_08,1609,16,51536,51.2621,18.02647
1610001,gmina_opolskie_10_01,1610,16,33360,51.14777,18.06439
1610002,gmina_opolskie_10_02,1610,16,23442,50.97062,18.12203
1610003,gmina_opolskie_10_03,1610,16,56984,50.80889,18.32179
1610004,gmina_opolskie_10_04,1610,16,35731,50.90899,18.16022
1611001,gmina_opolskie_11_01,1611,16,32855,50.57037,18.2833
1611002,gmina_opolskie_11_02,1611,16,54258,50.32231,18.05358
1611003,gmina_opolskie_11_03,1611,16,8721,50.05703,18.27252
1611004,gmina_opolskie_11_04,1611,16,65473,50.12626,17.9554
1611005,gmina_opolskie_11_05,1611,16,25397,50.09086,17.87099
1612001,gmina_opolskie_12_01,1612,16,36542,50.54725,17.51324
1612002,gmina_opolskie_12_02,1612,16,2417,50.62559,17.52517
1612003,gmina_opolskie_12_03,1612,16,3341,50.63034,17.38514
1612004,gmina_opolskie_12_04,1612,16,34344,50.73567,17.40613
1612005,gmina_opolskie_12_05,1612,16,53327,50.65928,17.30457
1612006,gmina_opolskie_12_06,1612,16,6880,50.74879,17.50085
1801001,gmina_podkarpackie_01_01,1801,18,22480,50.32176,22.30409
1801002,gmina_podkarpackie_01_02,1801,18,63820,50.21812,22.37639
1801003,gmina_podkarpackie_01_03,1801,18,39385,50.26093,22.25565
1801004,gmina_podkarpackie_01_04,1801,18,22322,50.26334,22.03675
1801005,gmina_podkarpackie_01_05,1801,18,27635,50.3224,22.60972
1801006,gmina_podkarpackie_01_06,1801,18,43696,50.24045,22.08308
1801007,gmina_podkarpackie_01_07,1801,18,52675,50.16778,22.40158
1802001,gmina_podkarpackie_02_01,1802,18,54971,49.53526,21.84034
1802002,gmina_podkarpackie_02_02,1802,18,63737,50.12131,21.68059
1802003,gmina_podkarpackie_02_03,1802,18,39262,49.87435,21.62295
1802004,gmina_podkarpackie_02_04,1802,18,32926,49.92627,21.69413
1802005,gmina_podkarpackie_02_05,1802,18,52155,49.73422,21.8605
1803001,gmina_podkarpackie_03_01,1803,18,54430,49.77914,21.79033
1803002,gmina_podkarpackie_03_02,1803,18,35931,49.88675,21.8483
1803003,gmina_podkarpackie_03_03,1803,18,17440,49.98388,21.82125
1803004,gmina_podkarpackie_03_04,1803,18,57815,50.09655,21.87475
1803005,gmina_podkarpackie_03_05,1803,18,27681,50.00248,21.87521
1803006,gmina_podkarpackie_03_06,1803,18,46294,49.88735,21.51178
1804001,gmina_podkarpackie_04_01,1804,18,48553,50.09483,22.15532
1804002,gmina_podkarpackie_04_02,1804,18,20206,50.2073,21.99863
1804003,gmina_podkarpackie_04_03,1804,18,39123,50.26532,22.00396
1804004,gmina_podkarpackie_04_04,1804,18,57600,50.39227,22.59233
1804005,gmina_podkarpackie_04_05,1804,18,15284,50.05852,22.24765
1804006,gmina_podkarpackie_04_06,1804,18,15491,50.44811,22.22149
1804007,gmina_podkarpackie_04_07,1804,18,1927,50.15456,22.54815
1804008,gmina_podkarpackie_04_08,1804,18,36424,50.31044,22.06401
1805001,gmina_podkarpackie_05_01,1805,18,62346,50.07718,21.07924
1805002,gmina_podkarpackie_05_02,1805,18,35703,49.87074,21.05192
1805003,gmina_podkarpackie_05_03,1805,18,11230,50.00723,21.24449
1805004,gmina_podkarpackie_05_04,1805,18,64676,49.85995,21.11268
1805005,gmina_podkarpackie_05_05,1805,18,42849,49.95523,21.15176
1806001,gmina_podkarpackie_06_01,1806,18,17367,50.3017,21.7152
1806002,gmina_podkarpackie_06_02,1806,18,36908,50.1442,21.86166
1806003,gmina_podkarpackie_06_03,1806,18,47649,50.11333,21.98573
1806004,gmina_podkarpackie_06_04,1806,18,56076,50.31252,21.82212
1806005,gmina_podkarpackie_06_05,1806,18,38313,50.10959,21.79139
1806006,gmina_podkarpackie_06_06,1806,18,28009,50.26342,21.86928
1807001,gmina_podkarpackie_07_01,1807,18,13379,50.1157,21.25716
1807002,gmina_podkarpackie_07_02,1807,18,24705,50.32486,21.42622
1807003,gmina_podkarpackie_07_03,1807,18,51266,50.12088,21.33014
1807004,gmina_podkarpackie_07_04,1807,18,56656,50.11678,21.15989
1807005,gmina_podkarpackie_07_05,1807,18,17387,50.17731,21.6772
1808001,gmina_podkarpackie_08_01,1808,18,35573,50.43226,20.85482
1808002,gmina_podkarpackie_08_02,1808,18,25625,50.15296,20.59748
1808003,gmina_podkarpackie_08_03,1808,18,6635,49.90012,20.66046
1808004,gmina_podkarpackie_08_04,1808,18,15908,49.83274,20.53234
1808005,gmina_podkarpackie_08_05,1808,18,60169,50.07746,20.65089
1808006,gmina_podkarpackie_08_06,1808,18,9360,49.91821,20.83046
1809001,gmina_podkarpackie_09_01,1809,18,29962,49.40079,22.97028
1809002,gmina_podkarpackie_09_02,1809,18,45997,49.58378,22.99356
1809003,gmina_podkarpackie_09_03,1809,18,8817,49.5451,22.73928
1809004,gmina_podkarpackie_09_04,1809,18,67358,49.38527,22.69891
1809005,gmina_podkarpackie_09_05,1809,18,19928,49.59505,22.7238
1810001,gmina_podkarpackie_10_01,1810,18,67403,50.35707,21.33579
1810002,gmina_podkarpackie_10_02,1810,18,36348,50.33486,21.16309
1810003,gmina_podkarpackie_10_03,1810,18,45004,50.04667,21.21782
1810004,gmina_podkarpackie_10_04,1810,18,11028,50.14014,21.16786
1810005,gmina_podkarpackie_10_05,1810,18,5276,49.99046,20.90964
1810006,gmina_podkarpackie_10_06,1810,18,40278,50.03689,21.3844
1810007,gmina_podkarpackie_10_07,1810,18,10681,49.99636,21.57054
1811001,gmina_podkarpackie_11_01,1811,18,32699,49.8588,21.93301
1811002,gmina_podkarpackie_11_02,1811,18,17841,49.5623,22.56799
1811003,gmina_podkarpackie_11_03,1811,18,2735,49.56534,22.00892
1811004,gmina_podkarpackie_11_04,1811,18,44557,49.57811,22.39299
1811005,gmina_podkarpackie_11_05,1811,18,49205,50.08759,22.10046
1811006,gmina_podkarpackie_11_06,1811,18,39320,49.48187,22.13752
1811007,gmina_podkarpackie_11_07,1811,18,13990,49.73154,22.07237
1812001,gmina_podkarpackie_12_01,1812,18,38223,49.98977,22.32388
1812002,gmina_podkarpackie_12_02,1812,18,4646,50.1346,22.35948
1812003,gmina_podkarpackie_12_03,1812,18,65581,49.94815,21.98787
1812004,gmina_podkarpackie_12_04,1812,18,7608,50.03476,22.04834
1812005,gmina_podkarpackie_12_05,1812,18,29890,50.17865,22.39321
1812006,gmina_podkarpackie_12_06,1812,18,61536,50.18452,22.25073
1812007,gmina_podkarpackie_12_07,1812,18,41638,50.19404,22.22824
1813001,gmina_podkarpackie_13_01,1813,18,33578,50.55287,22.17583
1813002,gmina_podkarpackie_13_02,1813,18,56152,50.65521,22.27262
1813003,gmina_podkarpackie_13_03,1813,18,57860,50.40569,22.05448
1813004,gmina_podkarpackie_13_04,1813,18,47833,50.56728,22.44477
1813005,gmina_podkarpackie_13_05,1813,18,10755,50.65319,21.99811
1813006,gmina_podkarpackie_13_06,1813,18,24431,50.79026,21.7429
1814001,gmina_podkarpackie_14_01,1814,18,19348,49.6131,22.75031
1814002,gmina_podkarpackie_14_02,1814,18,22766,49.78806,22.46796
1814003,gmina_podkarpackie_14_03,1814,18,58047,49.68972,22.41212
1814004,gmina_podkarpackie_14_04,1814,18,33966,49.58508,22.44189
1814005,gmina_podkarpackie_14_05,1814,18,65803,49.58634,22.29059
1814006,gmina_podkarpackie_14_06,1814,18,10787,49.75135,22.81291
1815001,gmina_podkarpackie_15_01,1815,18,54041,49.7263,22.28195
1815002,gmina_podkarpackie_15_02,1815,18,67965,49.80186,22.12195
1815003,gmina_podkarpackie_15_03,1815,18,13373,49.71282,21.94401
1815004,gmina_podkarpackie_15_04,1815,18,5669,49.67844,21.98302
1815005,gmina_podkarpackie_15_05,1815,18,12143,49.81649,22.35432
1815006,gmina_podkarpackie_15_06,1815,18,8867,49.79615,21.9974
1815007,gmina_podkarpackie_15_07,1815,18,22298,49.71966,22.0524
1816001,gmina_podkarpackie_16_01,1816,18,51163,50.20835,21.42614
1816002,gmina_podkarpackie_16_02,1816,18,52430,50.32571,21.7699
1816003,gmina_podkarpackie_16_03,1816,18,15989,50.58384,21.85543
1816004,gmina_podkarpackie_16_04,1816,18,40929,50.25282,21.57578
1816005,gmina_podkarpackie_16_05,1816,18,40799,50.18385,21.81327
1816006,gmina_podkarpackie_16_06,1816,18,45409,50.3398,21.6677
1816007,gmina_podkarpackie_16_07,1816,18,65489,50.51676,21.65402
1816008,gmina_podkarpackie_16_08,1816,18,48934,50.2781,21.86806
1817001,gmina_podkarpackie_17_01,1817,18,24281,50.49341,21.60641
1817002,gmina_podkarpackie_17_02,1817,18,52632,50.24585,21.68148
1817003,gmina_podkarpackie_17_03,1817,18,36317,50.36267,21.92501
1817004,gmina_podkarpackie_17_04,1817,18,33811,50.42441,21.85488
1817005,gmina_podkarpackie_17_05,1817,18,29764,50.38636,21.91742
1817006,gmina_podkarpackie_17_06,1817,18,67768,50.52371,21.70753
1817007,gmina_podkarpackie_17_07,1817,18,35981,50.73222,21.82065
1818001,gmina_podkarpackie_18_01,1818,18,61950,49.72921,21.89941
1818002,gmina_podkarpackie_18_02,1818,18,7017,49.62372,21.88054
1818003,gmina_podkarpackie_18_03,1818,18,58465,49.72738,21.81384
1818004,gmina_podkarpackie_18_04,1818,18,54489,49.75679,22.04674
1818005,gmina_podkarpackie_18_05,1818,18,4016,49.73596,21.96829
1818006,gmina_podkarpackie_18_06,1818,18,8341,49.82323,21.96455
1818007,gmina_podkarpackie_18_07,1818,18,47505,49.86142,22.01858
1819001,gmina_podkarpackie_19_01,1819,18,4242,50.2025,21.84533
1819002,gmina_podkarpackie_19_02,1819,18,6505,50.31086,22.01232
1819003,gmina_podkarpackie_19_03,1819,18,36645,50.27755,21.93083
1819004,gmina_podkarpackie_19_04,1819,18,58732,49.99928,21.91074
1819005,gmina_podkarpackie_19_05,1819,18,67277,50.26643,22.17242
1819006,gmina_podkarpackie_19_06,1819,18,28555,50.12922,21.81393
1819007,gmina_podkarpackie_19_07,1819,18,21720,50.22475,21.88257
1820001,gmina_podkarpackie_20_01,1820,18,67713,49.83593,22.54992
1820002,gmina_podkarpackie_20_02,1820,18,13947,49.82324,22.4783
1820003,gmina_podkarpackie_20_03,1820,18,49844,49.6027,22.53861
1820004,gmina_podkarpackie_20_04,1820,18,65963,50.12176,22.61908
1820005,gmina_podkarpackie_20_05,1820,18,55212,49.72631,22.41963
1820006,gmina_podkarpackie_20_06,1820,18,17421,49.59641,22.69728
1820007,gmina_podkarpackie_20_07,1820,18,7147,49.93211,22.67903
1821001,gmina_podkarpackie_21_01,1821,18,46324,50.1883,22.25445
1821002,gmina_podkarpackie_21_02,1821,18,13385,50.04859,21.92374
1821003,gmina_podkarpackie_21_03,1821,18,7965,50.13868,22.31549
1821004,gmina_podkarpackie_21_04,1821,18,42475,50.02038,22.40008
1821005,gmina_podkarpackie_21_05,1821,18,37395,50.01887,22.18134
1821006,gmina_podkarpackie_21_06,1821,18,31510,49.8686,22.49103
1821007,gmina_podkarpackie_21_07,1821,18,19051,49.85591,22.19335
1822001,gmina_podkarpackie_22_01,1822,18,9312,49.81522,22.52245
1822002,gmina_podkarpackie_22_02,1822,18,22148,49.90016,22.35426
1822003,gmina_podkarpackie_22_03,1822,18,2733,49.74105,22.24659
1822004,gmina_podkarpackie_22_04,1822,18,49013,49.6692,22.45892
1822005,gmina_podkarpackie_22_05,1822,18,41732,49.75958,22.23451
1823001,gmina_podkarpackie_23_01,1823,18,48622,49.82387,22.7372
1823002,gmina_podkarpackie_23_02,1823,18,6246,50.2332,22.8062
1823003,gmina_podkarpackie_23_03,1823,18,43861,49.96878,22.46601
1823004,gmina_podkarpackie_23_04,1823,18,53635,49.79644,23.07969
1823005,gmina_podkarpackie_23_05,1823,18,29671,49.55885,22.69723
1823006,gmina_podkarpackie_23_06,1823,18,19233,49.97326,22.82075
1823007,gmina_podkarpackie_23_07,1823,18,19969,49.6951,22.67103
1824001,gmina_podkarpackie_24_01,1824,18,24325,50.25098,22.52294
1824002,gmina_podkarpackie_24_02,1824,18,35041,50.26103,22.52073
1824003,gmina_podkarpackie_24_03,1824,18,65099,50.16238,22.78467
1824004,gmina_podkarpackie_24_04,1824,18,35605,50.05855,22.72095
1824005,gmina_podkarpackie_24_05,1824,18,55881,50.25718,22.90585
1824006,gmina_podkarpackie_24_06,1824,18,38564,50.20128,22.61662
1824007,gmina_podkarpackie_24_07,1824,18,54301,50.05249,22.65427
1824008,gmina_podkarpackie_24_08,1824,18,59855,50.23546,22.40002
1825001,gmina_podkarpackie_25_01,1825,18,4584,49.5258,23.03941
1825002,gmina_podkarpackie_25_02,1825,18,53538,49.75998,22.7264
1825003,gmina_podkarpackie_25_03,1825,18,10389,49.66223,22.54607
1825004,gmina_podkarpackie_25_04,1825,18,40115,49.84043,22.79399
1825005,gmina_podkarpackie_25_05,1825,18,67621,49.78493,22.50195
1825006,gmina_podkarpackie_25_06,1825,18,52259,49.60041,22.70781
1825007,gmina_podkarpackie_25_07,1825,18,40850,49.49689,22.33594
2001001,gmina_podlaskie_01_01,2001,20,18371,53.53929,22.93733
2001002,gmina_podlaskie_01_02,2001,20,49057,53.23023,22.71641
2001003,gmina_podlaskie_01_03,2001,20,27688,53.40956,22.66003
2001004,gmina_podlaskie_01_04,2001,20,38442,53.26813,22.76309
2002001,gmina_podlaskie_02_01,2002,20,31223,53.51987,23.16319
2002002,gmina_podlaskie_02_02,2002,20,42822,53.58611,23.02498
2002003,gmina_podlaskie_02_03,2002,20,40828,53.43316,23.61017
2002004,gmina_podlaskie_02_04,2002,20,56364,53.20761,22.97651
2002005,gmina_podlaskie_02_05,2002,20,60748,53.41427,23.39883
2002006,gmina_podlaskie_02_06,2002,20,38273,53.27574,23.23159
2003001,gmina_podlaskie_03_01,2003,20,59756,53.77805,23.64349
2003002,gmina_podlaskie_03_02,2003,20,33182,53.6448,23.58373
2003003,gmina_podlaskie_03_03,2003,20,54485,53.70154,23.55254
2003004,gmina_podlaskie_03_04,2003,20,35646,53.50793,23.37978
2003005,gmina_podlaskie_03_05,2003,20,24533,53.64711,23.54324
2004001,gmina_podlaskie_04_01,2004,20,64665,53.41098,23.39261
2004002,gmina_podlaskie_04_02,2004,20,40604,53.28315,23.14161
2004003,gmina_podlaskie_04_03,2004,20,5239,53.11767,23.59242
2004004,gmina_podlaskie_04_04,2004,20,48114,53.36573,23.67723
2004005,gmina_podlaskie_04_05,2004,20,33983,53.17242,23.48214
2004006,gmina_podlaskie_04_06,2004,20,60837,53.15976,23.57429
2005001,gmina_podlaskie_05_01,2005,20,66597,52.89266,23.08259
2005002,gmina_podlaskie_05_02,2005,20,28686,52.68286,22.72409
2005003,gmina_podlaskie_05_03,2005,20,35697,52.89942,23.19238
2005004,gmina_podlaskie_05_04,2005,20,50152,52.79782,23.01991
2005005,gmina_podlaskie_05_05,2005,20,14724,52.81698,22.83679
2005006,gmina_podlaskie_05_06,2005,20,21604,53.03122,22.49105
2006001,gmina_podlaskie_06_01,2006,20,16700,53.6851,22.79068
2006002,gmina_podlaskie_06_02,2006,20,37415,53.44815,22.97116
2006003,gmina_podlaskie_06_03,2006,20,15107,53.40766,22.65312
2006004,gmina_podlaskie_06_04,2006,20,38015,53.63167,22.9169
2006005,gmina_podlaskie_06_05,2006,20,30868,53.52374,22.86311
2006006,gmina_podlaskie_06_06,2006,20,46843,53.68318,22.87483
2007001,gmina_podlaskie_07_01,2007,20,54628,52.86647,23.76452
2007002,gmina_podlaskie_07_02,2007,20,26394,52.97753,24.09755
2007003,gmina_podlaskie_07_03,2007,20,59726,52.9875,23.38239
2007004,gmina_podlaskie_07_04,2007,20,16799,52.94871,23.76983
2007005,gmina_podlaskie_07_05,2007,20,11773,52.97576,23.75829
2007006,gmina_podlaskie_07_06,2007,20,46654,53.02348,23.67615
2008001,gmina_podlaskie_08_01,2008,20,35605,52.74499,24.58377
2008002,gmina_podlaskie_08_02,2008,20,39463,52.61065,24.75228
2008003,gmina_podlaskie_08_03,2008,20,10942,52.86783,24.8986
2008004,gmina_podlaskie_08_04,2008,20,54802,52.50172,25.11698
2008005,gmina_podlaskie_08_05,2008,20,56836,52.57703,25.06765
2008006,gmina_podlaskie_08_06,2008,20,27213,52.80702,24.68628
2009001,gmina_podlaskie_09_01,2009,20,17442,53.16118,22.57482
2009002,gmina_podlaskie_09_02,2009,20,61685,53.18312,22.82343
2009003,gmina_podlaskie_09_03,2009,20,32123,53.12083,22.95835
2009004,gmina_podlaskie_09_04,2009,20,10466,52.90049,22.96613
2009005,gmina_podlaskie_09_05,2009,20,57556,53.26115,22.86905
2009006,gmina_podlaskie_09_06,2009,20,17397,53.20523,22.66667
2009007,gmina_podlaskie_09_07,2009,20,23928,53.06013,22.78088
2010001,gmina_podlaskie_10_01,2010,20,15758,53.53027,23.0148
2010002,gmina_podlaskie_10_02,2010,20,65971,53.43639,22.86514
2010003,gmina_podlaskie_10_03,2010,20,67941,53.61039,23.03229
2010004,gmina_podlaskie_10_04,2010,20,67463,53.46116,22.93861
2010005,gmina_podlaskie_10_05,2010,20,6837,53.28234,22.86618
2010006,gmina_podlaskie_10_06,2010,20,4481,53.33674,23.24401
2011001,gmina_podlaskie_11_01,2011,20,60333,53.43636,21.73662
2011002,gmina_podlaskie_11_02,2011,20,43897,53.75059,21.99853
2011003,gmina_podlaskie_11_03,2011,20,23470,53.40781,22.06408
2011004,gmina_podlaskie_11_04,2011,20,53159,53.44832,21.90318
2011005,gmina_podlaskie_11_05,2011,20,59227,53.28601,22.20404
2012001,gmina_podlaskie_12_01,2012,20,58098,53.08659,23.67862
2012002,gmina_podlaskie_12_02,2012,20,7795,53.21518,23.79021
2012003,gmina_podlaskie_12_03,2012,20,52811,53.07477,23.66186
2012004,gmina_podlaskie_12_04,2012,20,2325,53.14608,23.75482
2012005,gmina_podlaskie_12_05,2012,20,10448,53.40773,23.85135
2013001,gmina_podlaskie_13_01,2013,20,58678,53.44273,23.09525
2013002,gmina_podlaskie_13_02,2013,20,59885,53.64585,22.98614
2013003,gmina_podlaskie_13_03,2013,20,59045,53.64199,22.72801
2013004,gmina_podlaskie_13_04,2013,20,21563,53.8241,22.91654
2013005,gmina_podlaskie_13_05,2013,20,65256,53.83998,23.05173
2013006,gmina_podlaskie_13_06,2013,20,52997,53.76291,22.63923
2013007,gmina_podlaskie_13_07,2013,20,65797,53.53291,22.98312
2014001,gmina_podlaskie_14_01,2014,20,46907,53.00744,22.38671
2014002,gmina_podlaskie_14_02,2014,20,9374,53.27042,22.45569
2014003,gmina_podlaskie_14_03,2014,20,7761,53.44971,22.53088
2014004,gmina_podlaskie_14_04,2014,20,14205,53.30802,22.17159
2014005,gmina_podlaskie_14_05,2014,20,3761,53.07655,22.44852
2014006,gmina_podlaskie_14_06,2014,20,48474,53.19684,22.23198
2015001,gmina_podlaskie_15_01,2015,20,66676,53.17506,22.7913
2015002,gmina_podlaskie_15_02,2015,20,24638,53.07263,22.52774
2015003,gmina_podlaskie_15_03,2015,20,18374,52.9978,22.63223
2015004,gmina_podlaskie_15_04,2015,20,26133,53.49354,22.46775
2015005,gmina_podlaskie_15_05,2015,20,48387,53.13774,22.47512
2015006,gmina_podlaskie_15_06,2015,20,8337,53.22217,22.55871
2015007,gmina_podlaskie_15_07,2015,20,12418,53.31377,22.46853
2016001,gmina_podlaskie_16_01,2016,20,56485,53.85966,23.32545
2016002,gmina_podlaskie_16_02,2016,20,12574,53.58292,23.33614
2016003,gmina_podlaskie_16_03,2016,20,62504,53.65948,23.34764
2016004,gmina_podlaskie_16_04,2016,20,7034,53.61083,23.49741
2016005,gmina_podlaskie_16_05,2016,20,64428,53.64275,23.51846
2016006,gmina_podlaskie_16_06,2016,20,58060,53.57223,23.44947
2016007,gmina_podlaskie_16_07,2016,20,29956,53.57401,23.46563
2017001,gmina_podlaskie_17_01,2017,20,62223,52.91637,24.04033
2017002,gmina_podlaskie_17_02,2017,20,10566,52.74332,23.97393
2017003,gmina_podlaskie_17_03,2017,20,66546,52.7347,24.14333
2017004,gmina_podlaskie_17_04,2017,20,31877,52.79856,23.74719
2017005,gmina_podlaskie_17_05,2017,20,43048,52.89203,24.01154
2201001,gmina_pomorskie_01_01,2201,22,49321,53.63388,19.50334
2201002,gmina_pomorskie_01_02,2201,22,8842,53.82246,19.0858
2201003,gmina_pomorskie_01_03,2201,22,49552,53.80373,19.2051
2201004,gmina_pomorskie_01_04,2201,22,32716,53.703,19.45064
2201005,gmina_pomorskie_01_05,2201,22,38643,53.73688,19.39983
2202001,gmina_pomorskie_02_01,2202,22,31364,54.46378,18.39321
2202002,gmina_pomorskie_02_02,2202,22,33368,54.6719,18.5742
2202003,gmina_pomorskie_02_03,2202,22,14718,54.82493,18.37224
2202004,gmina_pomorskie_02_04,2202,22,37120,54.71436,18.44955
2202005,gmina_pomorskie_02_05,2202,22,19758,54.87592,18.70759
2202006,gmina_pomorskie_02_06,2202,22,13167,54.92308,18.32239
2203001,gmina_pomorskie_03_01,2203,22,13441,54.38585,18.67443
2203002,gmina_pomorskie_03_02,2203,22,47586,54.48427,18.89506
2203003,gmina_pomorskie_03_03,2203,22,62597,54.10589,18.6968
2203004,gmina_pomorskie_03_04,2203,22,38240,54.34951,18.42044
2203005,gmina_pomorskie_03_05,2203,22,54935,54.50832,18.87335
2203006,gmina_pomorskie_03_06,2203,22,9141,54.4761,18.74308
2204001,gmina_pomorskie_04_01,2204,22,8907,54.27192,18.90465
2204002,gmina_pomorskie_04_02,2204,22,8705,54.16374,18.64598
2204003,gmina_pomorskie_04_03,2204,22,28843,54.14459,18.72964
2204004,gmina_pomorskie_04_04,2204,22,67512,54.03128,18.92729
2204005,gmina_pomorskie_04_05,2204,22,4111,54.0762,18.35541
2204006,gmina_pomorskie_04_06,2204,22,28867,54.14433,18.91844
2204007,gmina_pomorskie_04_07,2204,22,10563,54.04751,19.10984
2204008,gmina_pomorskie_04_08,2204,22,53058,53.88607,18.89691
2205001,gmina_pomorskie_05_01,2205,22,67795,54.41708,18.83434
2205002,gmina_pomorskie_05_02,2205,22,29925,54.63275,19.16798
2205003,gmina_pomorskie_05_03,2205,22,49928,54.63798,19.24827
2205004,gmina_pomorskie_05_04,2205,22,12939,54.49544,19.29929
2205005,gmina_pomorskie_05_05,2205,22,33476,54.59959,19.46473
2205006,gmina_pomorskie_05_06,2205,22,52343,54.47423,19.36023
2205007,gmina_pomorskie_05_07,2205,22,24461,54.73479,19.26288
2206001,gmina_pomorskie_06_01,2206,22,30640,54.27,19.2553
2206002,gmina_pomorskie_06_02,2206,22,61458,54.47282,19.18523
2206003,gmina_pomorskie_06_03,2206,22,5630,54.22003,19.1556
2206004,gmina_pomorskie_06_04,2206,22,35337,54.21203,19.09676
2206005,gmina_pomorskie_06_05,2206,22,65784,54.39568,18.88399
2206006,gmina_pomorskie_06_06,2206,22,42343,54.17089,19.08203
2206007,gmina_pomorskie_06_07,2206,22,5740,54.17212,18.95985
2207001,gmina_pomorskie_07_01,2207,22,41862,53.9883,19.9994
2207002,gmina_pomorskie_07_02,2207,22,51841,53.97488,19.55569
2207003,gmina_pomorskie_07_03,2207,22,46935,54.12743,19.69777
2208001,gmina_pomorskie_08_01,2208,22,38299,55.03182,18.69837
2208002,gmina_pomorskie_08_02,2208,22,6539,54.8938,18.61328
2208003,gmina_pomorskie_08_03,2208,22,62588,54.96948,18.91382
2208004,gmina_pomorskie_08_04,2208,22,9135,54.96667,18.36072
2208005,gmina_pomorskie_08_05,2208,22,55732,55.06125,18.76683
2208006,gmina_pomorskie_08_06,2208,22,62977,55.32013,18.76554
2209001,gmina_pomorskie_09_01,2209,22,33655,54.71235,18.51714
2209002,gmina_pomorskie_09_02,2209,22,62834,54.74209,18.60176
2209003,gmina_pomorskie_09_03,2209,22,7428,54.84893,18.70785
2209004,gmina_pomorskie_09_04,2209,22,39510,54.66174,18.66284
2209005,gmina_pomorskie_09_05,2209,22,44697,54.6072,18.65084
2209006,gmina_pomorskie_09_06,2209,22,2091,54.63926,18.48837
2210001,gmina_pomorskie_10_01,2210,22,38295,53.99613,18.59448
2210002,gmina_pomorskie_10_02,2210,22,22230,53.838,18.58
2210003,gmina_pomorskie_10_03,2210,22,64695,53.56613,18.04305
2210004,gmina_pomorskie_10_04,2210,22,59262,53.61044,18.54208
2210005,gmina_pomorskie_10_05,2210,22,55777,53.70425,18.66411
2210006,gmina_pomorskie_10_06,2210,22,2913,53.71811,18.58059
2210007,gmina_pomorskie_10_07,2210,22,67947,53.52604,18.71102
2211001,gmina_pomorskie_11_01,2211,22,14214,54.30799,18.19379
2211002,gmina_pomorskie_11_02,2211,22,33088,54.19732,18.27602
2211003,gmina_pomorskie_11_03,2211,22,55738,54.3153,18.48437
2211004,gmina_pomorskie_11_04,2211,22,28674,54.42687,18.18832
2211005,gmina_pomorskie_11_05,2211,22,40130,54.37664,18.36498
2211006,gmina_pomorskie_11_06,2211,22,45471,54.38017,18.47988
2212001,gmina_pomorskie_12_01,2212,22,30135,54.11772,19.129
2212002,gmina_pomorskie_12_02,2212,22,33127,54.42815,19.15362
2212003,gmina_pomorskie_12_03,2212,22,45816,54.30804,18.95699
2212004,gmina_pomorskie_12_04,2212,22,66257,54.40879,18.99632
2212005,gmina_pomorskie_12_05,2212,22,29205,54.49758,18.94481
2212006,gmina_pomorskie_12_06,2212,22,4486,54.56609,19.22504
2213001,gmina_pomorskie_13_01,2213,22,46967,53.84271,18.66302
2213002,gmina_pomorskie_13_02,2213,22,2817,54.15328,18.8476
2213003,gmina_pomorskie_13_03,2213,22,59985,54.34647,18.75661
2213004,gmina_pomorskie_13_04,2213,22,2206,54.24187,18.7558
2213005,gmina_pomorskie_13_05,2213,22,21756,54.17935,18.76138
2213006,gmina_pomorskie_13_06,2213,22,4101,53.90834,18.74593
2213007,gmina_pomorskie_13_07,2213,22,15151,54.19916,18.68308
2214001,gmina_pomorskie_14_01,2214,22,42417,54.71337,19.08053
2214002,gmina_pomorskie_14_02,2214,22,3339,54.71774,19.06721
2214003,gmina_pomorskie_14_03,2214,22,63781,54.82584,18.90045
2214004,gmina_pomorskie_14_04,2214,22,53117,54.59134,18.81753
2214005,gmina_pomorskie_14_05,2214,22,15373,54.76047,19.17813
2214006,gmina_pomorskie_14_06,2214,22,31095,54.54209,19.38288
2215001,gmina_pomorskie_15_01,2215,22,54312,54.02326,18.77118
2215002,gmina_pomorskie_15_02,2215,22,16489,54.46575,18.79069
2215003,gmina_pomorskie_15_03,2215,22,63099,54.25102,18.80139
2215004,gmina_pomorskie_15_04,2215,22,41310,53.96569,18.91207
2215005,gmina_pomorskie_15_05,2215,22,56746,54.3024,18.77451
2215006,gmina_pomorskie_15_06,2215,22,9019,53.74975,18.68803
2215007,gmina_pomorskie_15_07,2215,22,33085,54.06347,18.85691
2216001,gmina_pomorskie_16_01,2216,22,31067,53.99709,17.87597
2216002,gmina_pomorskie_16_02,2216,22,48937,53.88246,17.98182
2216003,gmina_pomorskie_16_03,2216,22,34822,54.00183,17.68264
2216004,gmina_pomorskie_16_04,2216,22,67316,53.99454,18.2487
2216005,gmina_pomorskie_16_05,2216,22,39677,54.06829,17.65561
2216006,gmina_pomorskie_16_06,2216,22,54696,54.08829,17.91632
2217001,gmina_pomorskie_17_01,2217,22,9782,54.93933,18.09401
2217002,gmina_pomorskie_17_02,2217,22,8547,54.83262,18.25243
2217003,gmina_pomorskie_17_03,2217,22,28804,54.82747,18.32144
2217004,gmina_pomorskie_17_04,2217,22,14381,54.65664,18.48192
2217005,gmina_pomorskie_17_05,2217,22,24397,54.75073,18.07465
2217006,gmina_pomorskie_17_06,2217,22,36836,54.83807,18.10374
2217007,gmina_pomorskie_17_07,2217,22,51960,54.82707,18.15924
2218001,gmina_pomorskie_18_01,2218,22,66870,54.49891,17.13289
2218002,gmina_pomorskie_18_02,2218,22,43616,54.36219,17.24581
2218003,gmina_pomorskie_18_03,2218,22,43447,54.34727,17.47467
2218004,gmina_pomorskie_18_04,2218,22,66928,54.33887,17.28096
2218005,gmina_pomorskie_18_05,2218,22,54783,54.59032,17.05101
2218006,gmina_pomorskie_18_06,2218,22,45200,54.25239,17.04181
2218007,gmina_pomorskie_18_07,2218,22,59914,54.31792,17.09506
2218008,gmina_pomorskie_18_08,2218,22,66718,54.32798,17.03103
2218009,gmina_pomorskie_18_09,2218,22,7102,54.57948,17.41796
2219001,gmina_pomorskie_19_01,2219,22,25691,54.28065,18.09156
2219002,gmina_pomorskie_19_02,2219,22,2578,54.54604,18.19937
2219003,gmina_pomorskie_19_03,2219,22,26323,54.33285,18.1024
2219004,gmina_pomorskie_19_04,2219,22,55371,54.40258,18.42441
2219005,gmina_pomorskie_19_05,2219,22,6486,54.19968,18.06092
2220001,gmina_pomorskie_20_01,2220,22,21793,54.82991,17.58841
2220002,gmina_pomorskie_20_02,2220,22,62307,54.93632,17.95037
2220003,gmina_pomorskie_20_03,2220,22,18013,54.74579,17.8576
2220004,gmina_pomorskie_20_04,2220,22,22136,54.74201,17.79054
2220005,gmina_pomorskie_20_05,2220,22,18438,54.87137,17.65376
2220006,gmina_pomorskie_20_06,2220,22,8625,54.88238,17.62747
2401001,gmina_slaskie_01_01,2401,24,65318,49.83161,18.53106
2401002,gmina_slaskie_01_02,2401,24,32990,49.61356,18.36077
2401003,gmina_slaskie_01_03,2401,24,19106,49.67473,18.40284
2401004,gmina_slaskie_01_04,2401,24,52566,49.81379,18.39158
2401005,gmina_slaskie_01_05,2401,24,47292,49.96347,18.41988
2401006,gmina_slaskie_01_06,2401,24,44881,49.90973,18.53688
2402001,gmina_slaskie_02_01,2402,24,6051,49.63202,18.51217
2402002,gmina_slaskie_02_02,2402,24,21081,49.80693,18.46313
2402003,gmina_slaskie_02_03,2402,24,41239,49.37307,18.42512
2402004,gmina_slaskie_02_04,2402,24,62669,49.64711,18.44309
2402005,gmina_slaskie_02_05,2402,24,23397,49.80504,18.53943
2402006,gmina_slaskie_02_06,2402,24,42128,49.51869,18.33175
2403001,gmina_slaskie_03_01,2403,24,53530,50.07869,18.78502
2403002,gmina_slaskie_03_02,2403,24,36541,50.23347,18.31687
2403003,gmina_slaskie_03_03,2403,24,38985,50.25672,18.74917
2403004,gmina_slaskie_03_04,2403,24,60354,50.17629,18.726
2403005,gmina_slaskie_03_05,2403,24,38574,50.04921,18.3671
2403006,gmina_slaskie_03_06,2403,24,28144,50.3661,18.78488
2403007,gmina_slaskie_03_07,2403,24,65800,50.41461,18.76258
2404001,gmina_slaskie_04_01,2404,24,12333,50.61684,18.45704
2404002,gmina_slaskie_04_02,2404,24,5526,50.58051,18.25141
2404003,gmina_slaskie_04_03,2404,24,38161,50.63808,18.36621
2404004,gmina_slaskie_04_04,2404,24,49777,50.47931,18.47647
2404005,gmina_slaskie_04_05,2404,24,12470,50.44873,18.49298
2404006,gmina_slaskie_04_06,2404,24,66768,50.72718,18.5755
2404007,gmina_slaskie_04_07,2404,24,43080,50.54384,18.65385
2404008,gmina_slaskie_04_08,2404,24,29139,50.43925,18.50639
2405001,gmina_slaskie_05_01,2405,24,24549,49.50519,19.2977
2405002,gmina_slaskie_05_02,2405,24,62324,49.37725,19.53157
2405003,gmina_slaskie_05_03,2405,24,49285,49.57623,19.67843
2405004,gmina_slaskie_05_04,2405,24,58548,49.41033,19.65784
2405005,gmina_slaskie_05_05,2405,24,63569,49.44155,19.46023
2405006,gmina_slaskie_05_06,2405,24,56765,49.53892,19.60921
2405007,gmina_slaskie_05_07,2405,24,21029,49.31102,19.79596
2405008,gmina_slaskie_05_08,2405,24,9547,49.43675,19.53847
2405009,gmina_slaskie_05_09,2405,24,67657,49.51404,19.72757
2406001,gmina_slaskie_06_01,2406,24,46498,50.51074,18.93226
2406002,gmina_slaskie_06_02,2406,24,3309,50.5462,18.6953
2406003,gmina_slaskie_06_03,2406,24,56247,50.76907,18.54905
2406004,gmina_slaskie_06_04,2406,24,20871,50.84078,18.37852
2406005,gmina_slaskie_06_05,2406,24,51479,50.65994,18.51981
2406006,gmina_slaskie_06_06,2406,24,51673,50.78898,18.80057
2406007,gmina_slaskie_06_07,2406,24,55617,50.83473,18.63614
2407001,gmina_slaskie_07_01,2407,24,52555,49.79449,18.94668
2407002,gmina_slaskie_07_02,2407,24,40397,49.67827,18.61388
2407003,gmina_slaskie_07_03,2407,24,4571,49.94026,18.74768
2407004,gmina_slaskie_07_04,2407,24,13718,49.98657,18.67477
2407005,gmina_slaskie_07_05,2407,24,21636,49.70155,19.14604
2407006,gmina_slaskie_07_06,2407,24,36569,49.83055,18.7287
2408001,gmina_slaskie_08_01,2408,24,5466,49.94464,18.54015
2408002,gmina_slaskie_08_02,2408,24,18948,49.90998,18.29698
2408003,gmina_slaskie_08_03,2408,24,23723,49.70447,18.34586
2408004,gmina_slaskie_08_04,2408,24,52763,50.15283,18.06338
2408005,gmina_slaskie_08_05,2408,24,20124,50.19666,18.49648
2408006,gmina_slaskie_08_06,2408,24,8532,50.03876,18.52741
2408007,gmina_slaskie_08_07,2408,24,5954,49.85435,18.47927
2409001,gmina_slaskie_09_01,2409,24,34986,49.82895,18.1719
2409002,gmina_slaskie_09_02,2409,24,10118,49.70104,17.77139
2409003,gmina_slaskie_09_03,2409,24,21521,50.05361,17.94384
2409004,gmina_slaskie_09_04,2409,24,51203,49.93572,18.27485
2409005,gmina_slaskie_09_05,2409,24,64250,49.95538,18.28695
2410001,gmina_slaskie_10_01,2410,24,4901,49.91764,18.97478
2410002,gmina_slaskie_10_02,2410,24,38329,49.95757,18.8694
2410003,gmina_slaskie_10_03,2410,24,27281,50.05733,18.88093
2410004,gmina_slaskie_10_04,2410,24,23618,49.91471,19.09444
2410005,gmina_slaskie_10_05,2410,24,3299,49.67762,19.17969
2410006,gmina_slaskie_10_06,2410,24,15567,50.1117,18.96064
2411001,gmina_slaskie_11_01,2411,24,46922,50.40054,20.07883
2411002,gmina_slaskie_11_02,2411,24,15613,50.24858,20.20824
2411003,gmina_slaskie_11_03,2411,24,37738,50.15037,19.91513
2411004,gmina_slaskie_11_04,2411,24,26337,50.25245,20.03725
2411005,gmina_slaskie_11_05,2411,24,13062,50.33182,20.28134
2411006,gmina_slaskie_11_06,2411,24,51047,50.14407,19.84278
2412001,gmina_slaskie_12_01,2412,24,6644,50.93853,19.18738
2412002,gmina_slaskie_12_02,2412,24,42099,51.0799,19.35968
2412003,gmina_slaskie_12_03,2412,24,4306,51.41329,19.03604
2412004,gmina_slaskie_12_04,2412,24,59648,50.99865,19.44456
2412005,gmina_slaskie_12_05,2412,24,8338,51.24826,19.16588
2412006,gmina_slaskie_12_06,2412,24,5319,51.00661,19.32997
2412007,gmina_slaskie_12_07,2412,24,2094,51.06337,19.14596
2413001,gmina_slaskie_13_01,2413,24,41125,50.61909,19.18004
2413002,gmina_slaskie_13_02,2413,24,43302,50.5918,19.04513
2413003,gmina_slaskie_13_03,2413,24,19914,50.42368,19.02124
2413004,gmina_slaskie_13_04,2413,24,10982,50.53795,18.68898
2413005,gmina_slaskie_13_05,2413,24,58852,50.50492,18.83493
2413006,gmina_slaskie_13_06,2413,24,45032,50.70832,18.99338
2414001,gmina_slaskie_14_01,2414,24,4398,50.83828,19.16697
2414002,gmina_slaskie_14_02,2414,24,55027,50.65901,19.07856
2414003,gmina_slaskie_14_03,2414,24,56441,50.89049,19.2387
2414004,gmina_slaskie_14_04,2414,24,30043,50.76116,19.2399
2414005,gmina_slaskie_14_05,2414,24,59708,50.46368,19.08733
2414006,gmina_slaskie_14_06,2414,24,60430,50.977,18.89579
2414007,gmina_slaskie_14_07,2414,24,10285,51.04282,19.04319
2415001,gmina_slaskie_15_01,2415,24,62502,50.25007,18.31025
2415002,gmina_slaskie_15_02,2415,24,62525,50.34689,18.16269
2415003,gmina_slaskie_15_03,2415,24,40019,50.17676,18.38198
2415004,gmina_slaskie_15_04,2415,24,23443,49.98566,18.29427
2415005,gmina_slaskie_15_05,2415,24,21836,50.06847,18.5614
2415006,gmina_slaskie_15_06,2415,24,13604,50.14323,18.19101
2415007,gmina_slaskie_15_07,2415,24,53764,50.01528,18.12688
2415008,gmina_slaskie_15_08,2415,24,43746,50.55103,18.41901
2416001,gmina_slaskie_16_01,2416,24,31481,50.48911,18.75222
2416002,gmina_slaskie_16_02,2416,24,56984,50.4025,18.50389
2416003,gmina_slaskie_16_03,2416,24,7927,50.13477,18.67538
2416004,gmina_slaskie_16_04,2416,24,12646,50.2135,19.26182
2416005,gmina_slaskie_16_05,2416,24,2611,50.0813,18.81906
2417001,gmina_slaskie_17_01,2417,24,47726,50.53278,19.10096
2417002,gmina_slaskie_17_02,2417,24,24640,50.56152,19.11037
2417003,gmina_slaskie_17_03,2417,24,52369,50.64074,19.03054
2417004,gmina_slaskie_17_04,2417,24,23523,50.3666,18.92313
2417005,gmina_slaskie_17_05,2417,24,24728,50.55174,18.9426
2417006,gmina_slaskie_17_06,2417,24,11417,50.39729,18.82902
2417007,gmina_slaskie_17_07,2417,24,11498,50.48839,18.78399
2418001,gmina_slaskie_18_01,2418,24,24559,49.88915,18.92179
2418002,gmina_slaskie_18_02,2418,24,49483,49.78297,18.88934
2418003,gmina_slaskie_18_03,2418,24,45879,49.74696,18.67812
2418004,gmina_slaskie_18_04,2418,24,42468,49.95472,18.8996
2418005,gmina_slaskie_18_05,2418,24,59310,49.96011,18.48699
2419001,gmina_slaskie_19_01,2419,24,33343,50.83497,19.19158
2419002,gmina_slaskie_19_02,2419,24,62254,50.87634,19.18575
2419003,gmina_slaskie_19_03,2419,24,21373,50.62237,19.14898
2419004,gmina_slaskie_19_04,2419,24,63253,51.09444,19.13546
2419005,gmina_slaskie_19_05,2419,24,29301,50.71388,19.28937
2419006,gmina_slaskie_19_06,2419,24,44472,50.7329,19.20594
2419007,gmina_slaskie_19_07,2419,24,30082,50.73777,19.36181
2419008,gmina_slaskie_19_08,2419,24,64811,50.9355,19.40443
2420001,gmina_slaskie_20_01,2420,24,6316,50.20516,20.78716
2420002,gmina_slaskie_20_02,2420,24,44844,50.50445,21.07622
2420003,gmina_slaskie_20_03,2420,24,40617,50.4211,20.60179
2420004,gmina_slaskie_20_04,2420,24,56682,50.38236,20.60407
2420005,gmina_slaskie_20_05,2420,24,19802,50.35012,20.8864
2420006,gmina_slaskie_20_06,2420,24,17554,50.43647,20.88223
2420007,gmina_slaskie_20_07,2420,24,20931,50.19102,20.7859
2420008,gmina_slaskie_20_08,2420,24,63378,50.1231,20.48215
2421001,gmina_slaskie_21_01,2421,24,21651,50.49056,18.70023
2421002,gmina_slaskie_21_02,2421,24,23360,50.48512,18.31044
2421003,gmina_slaskie_21_03,2421,24,43159,50.50986,18.53537
2421004,gmina_slaskie_21_04,2421,24,27234,50.82786,18.36164
2421005,gmina_slaskie_21_05,2421,24,12370,50.44174,18.7511
2421006,gmina_slaskie_21_06,2421,24,12618,50.60987,18.66648
2421007,gmina_slaskie_21_07,2421,24,47297,50.47154,18.75414
2422001,gmina_slaskie_22_01,2422,24,23725,51.0478,19.67256
2422002,gmina_slaskie_22_02,2422,24,66862,51.19377,19.16572
2422003,gmina_slaskie_22_03,2422,24,27273,50.99826,19.3833
2422004,gmina_slaskie_22_04,2422,24,10579,50.9041,19.15465
2422005,gmina_slaskie_22_05,2422,24,44564,51.13221,19.47482
2422006,gmina_slaskie_22_06,2422,24,3421,51.23825,19.30571
2423001,gmina_slaskie_23_01,2423,24,25453,50.00158,19.59766
2423002,gmina_slaskie_23_02,2423,24,4849,50.10625,19.75882
2423003,gmina_slaskie_23_03,2423,24,64289,50.26873,19.88449
2423004,gmina_slaskie_23_04,2423,24,1925,49.8782,19.80359
2423005,gmina_slaskie_23_05,2423,24,50705,50.21961,19.51879
2423006,gmina_slaskie_23_06,2423,24,50501,50.02003,19.76652
2423007,gmina_slaskie_23_07,2423,24,37375,50.34092,20.08666
2424001,gmina_slaskie_24_01,2424,24,13494,49.96987,19.35821
2424002,gmina_slaskie_24_02,2424,24,13599,50.13738,19.486
2424003,gmina_slaskie_24_03,2424,24,43614,50.02144,19.45239
2424004,gmina_slaskie_24_04,2424,24,9128,49.95894,19.49063
2424005,gmina_slaskie_24_05,2424,24,11294,49.94406,19.329
2424006,gmina_slaskie_24_06,2424,24,54505,49.65563,19.29674
2424007,gmina_slaskie_24_07,2424,24,44522,49.76376,19.53905
2425001,gmina_slaskie_25_01,2425,24,5965,50.51027,19.16222
2425002,gmina_slaskie_25_02,2425,24,45416,50.44583,19.00282
2425003,gmina_slaskie_25_03,2425,24,67924,50.58462,18.69383
2425004,gmina_slaskie_25_04,2425,24,3829,50.41596,18.98218
2425005,gmina_slaskie_25_05,2425,24,60310,50.40656,19.02561
2425006,gmina_slaskie_25_06,2425,24,43425,50.42966,19.05027
2426001,gmina_slaskie_26_01,2426,24,51177,51.09849,19.00259
2426002,gmina_slaskie_26_02,2426,24,22393,51.13772,18.70699
2426003,gmina_slaskie_26_03,2426,24,22074,51.01667,18.72962
2426004,gmina_slaskie_26_04,2426,24,42309,51.09609,18.66683
2426005,gmina_slaskie_26_05,2426,24,9261,51.06519,18.87629
2426006,gmina_slaskie_26_06,2426,24,12323,51.01106,18.61052
2426007,gmina_slaskie_26_07,2426,24,40956,51.14711,18.9619
2426008,gmina_slaskie_26_08,2426,24,25426,50.93505,18.67524
2426009,gmina_slaskie_26_09,2426,24,9092,50.97682,18.67469
2427001,gmina_slaskie_27_01,2427,24,31686,50.9712,18.33689
2427002,gmina_slaskie_27_02,2427,24,46387,50.99072,18.42568
2427003,gmina_slaskie_27_03,2427,24,50112,51.08834,18.18763
2427004,gmina_slaskie_27_04,2427,24,24515,51.02895,18.02582
2427005,gmina_slaskie_27_05,2427,24,26719,50.96457,18.42249
2428001,gmina_slaskie_28_01,2428,24,51593,49.65991,19.16127
2428002,gmina_slaskie_28_02,2428,24,30583,49.52464,19.18527
2428003,gmina_slaskie_28_03,2428,24,41512,49.77111,18.77399
2428004,gmina_slaskie_28_04,2428,24,52581,49.7188,18.99552
2428005,gmina_slaskie_28_05,2428,24,46214,49.43679,19.18779
2429001,gmina_slaskie_29_01,2429,24,59406,49.67474,18.81237
2429002,gmina_slaskie_29_02,2429,24,21842,49.76907,19.08293
2429003,gmina_slaskie_29_03,2429,24,18967,49.56023,18.97236
2429004,gmina_slaskie_29_04,2429,24,25886,49.61496,19.08492
2429005,gmina_slaskie_29_05,2429,24,42606,49.6685,18.82762
2429006,gmina_slaskie_29_06,2429,24,45642,49.7463,18.97362
2430001,gmina_slaskie_30_01,2430,24,58001,50.45627,19.20271
2430002,gmina_slaskie_30_02,2430,24,23380,50.37115,18.76046
2430003,gmina_slaskie_30_03,2430,24,49640,50.63163,19.04258
2430004,gmina_slaskie_30_04,2430,24,51591,50.4372,18.87757
2430005,gmina_slaskie_30_05,2430,24,50720,50.32931,18.90076
2431001,gmina_slaskie_31_01,2431,24,49246,50.58056,18.14307
2431002,gmina_slaskie_31_02,2431,24,20106,50.47847,17.82908
2431003,gmina_slaskie_31_03,2431,24,40501,50.4812,17.84315
2431004,gmina_slaskie_31_04,2431,24,4055,50.6043,18.23548
2431005,gmina_slaskie_31_05,2431,24,29188,50.54774,18.14712
2431006,gmina_slaskie_31_06,2431,24,20972,50.43724,18.07498
2431007,gmina_slaskie_31_07,2431,24,61200,50.44917,18.04226
2431008,gmina_slaskie_31_08,2431,24,33296,50.3848,18.10085
2432001,gmina_slaskie_32_01,2432,24,41384,50.56315,18.48053
2432002,gmina_slaskie_32_02,2432,24,59494,50.73738,18.60523
2432003,gmina_slaskie_32_03,2432,24,16816,50.88055,18.36527
2432004,gmina_slaskie_32_04,2432,24,43674,50.53853,18.43717
2432005,gmina_slaskie_32_05,2432,24,31120,50.32632,18.4447
2432006,gmina_slaskie_32_06,2432,24,59947,50.7343,18.53428
2432007,gmina_slaskie_32_07,2432,24,42029,50.55432,18.57228
2433001,gmina_slaskie_33_01,2433,24,11768,50.42198,18.4785
2433002,gmina_slaskie_33_02,2433,24,6508,50.57341,18.44604
2433003,gmina_slaskie_33_03,2433,24,34257,50.40448,18.62468
2433004,gmina_slaskie_33_04,2433,24,4984,50.61911,18.66168
2433005,gmina_slaskie_33_05,2433,24,5272,50.36343,18.49811
2433006,gmina_slaskie_33_06,2433,24,26662,50.51082,18.53277
2434001,gmina_slaskie_34_01,2434,24,14314,50.37968,19.9065
2434002,gmina_slaskie_34_02,2434,24,25657,50.1867,19.93987
2434003,gmina_slaskie_34_03,2434,24,12313,50.1082,19.87688
2434004,gmina_slaskie_34_04,2434,24,10621,50.3197,19.76762
2434005,gmina_slaskie_34_05,2434,24,10122,50.19801,19.90167
2434006,gmina_slaskie_34_06,2434,24,10409,50.28584,19.83068
2434007,gmina_slaskie_34_07,2434,24,25104,50.1414,19.66096
2435001,gmina_slaskie_35_01,2435,24,45304,49.34906,19.38997
2435002,gmina_slaskie_35_02,2435,24,40227,49.1753,19.32018
2435003,gmina_slaskie_35_03,2435,24,12717,49.54896,19.6049
2435004,gmina_slaskie_35_04,2435,24,36483,49.3757,19.16979
2435005,gmina_slaskie_35_05,2435,24,26493,49.42524,19.30532
2436001,gmina_slaskie_36_01,2436,24,8725,50.52744,18.75093
2436002,gmina_slaskie_36_02,2436,24,60853,50.42013,18.45701
2436003,gmina_slaskie_36_03,2436,24,12732,50.54896,19.07022
2436004,gmina_slaskie_36_04,2436,24,51415,50.55359,18.4601
2436005,gmina_slaskie_36_05,2436,24,40953,50.56161,18.88651
2436006,gmina_slaskie_36_06,2436,24,5355,50.33775,18.65204
2601001,gmina_swietokrzyskie_01_01,2601,26,31390,51.03305,21.28549
2601002,gmina_swietokrzyskie_01_02,2601,26,57361,50.94155,21.17036
2601003,gmina_swietokrzyskie_01_03,2601,26,23009,50.84234,21.26975
2601004,gmina_swietokrzyskie_01_04,2601,26,66874,51.00267,21.18398
2601005,gmina_swietokrzyskie_01_05,2601,26,16663,50.81516,21.01719
2601006,gmina_swietokrzyskie_01_06,2601,26,67785,50.97282,21.01523
2602001,gmina_swietokrzyskie_02_01,2602,26,53080,51.22106,20.67648
2602002,gmina_swietokrzyskie_02_02,2602,26,60159,51.25003,20.60071
2602003,gmina_swietokrzyskie_02_03,2602,26,11868,51.17445,20.41234
2602004,gmina_swietokrzyskie_02_04,2602,26,20038,51.23647,20.47363
2602005,gmina_swietokrzyskie_02_05,2602,26,34166,51.3734,20.62818
2603001,gmina_swietokrzyskie_03_01,2603,26,64842,51.00085,20.59785
2603002,gmina_swietokrzyskie_03_02,2603,26,22122,51.09,20.72904
2603003,gmina_swietokrzyskie_03_03,2603,26,61177,50.93898,20.47233
2603004,gmina_swietokrzyskie_03_04,2603,26,28948,51.12918,20.5191
2603005,gmina_swietokrzyskie_03_05,2603,26,65924,51.01502,20.56519
2604001,gmina_swietokrzyskie_04_01,2604,26,16693,50.9694,20.62014
2604002,gmina_swietokrzyskie_04_02,2604,26,11257,50.82022,21.08659
2604003,gmina_swietokrzyskie_04_03,2604,26,18146,50.31268,20.99782
2604004,gmina_swietokrzyskie_04_04,2604,26,62101,51.13262,20.57063
2604005,gmina_swietokrzyskie_04_05,2604,26,44412,50.52291,21.04006
2604006,gmina_swietokrzyskie_04_06,2604,26,25073,50.88214,20.51398
2604007,gmina_swietokrzyskie_04_07,2604,26,66785,51.03287,20.9482
2604008,gmina_swietokrzyskie_04_08,2604,26,36688,50.95929,20.82411
2604009,gmina_swietokrzyskie_04_09,2604,26,25813,50.9732,21.16994
2605001,gmina_swietokrzyskie_05_01,2605,26,49723,51.23445,19.28179
2605002,gmina_swietokrzyskie_05_02,2605,26,55544,51.39557,19.30783
2605003,gmina_swietokrzyskie_05_03,2605,26,60004,51.44545,19.63284
2605004,gmina_swietokrzyskie_05_04,2605,26,9497,51.322,19.2247
2605005,gmina_swietokrzyskie_05_05,2605,26,47524,51.30123,19.53785
2606001,gmina_swietokrzyskie_06_01,2606,26,39606,50.97808,20.99871
2606002,gmina_swietokrzyskie_06_02,2606,26,28024,50.92846,20.8892
2606003,gmina_swietokrzyskie_06_03,2606,26,42545,50.8568,20.92204
2606004,gmina_swietokrzyskie_06_04,2606,26,35479,50.86869,20.90017
2606005,gmina_swietokrzyskie_06_05,2606,26,24147,50.90136,20.78588
2606006,gmina_swietokrzyskie_06_06,2606,26,51777,50.87482,20.57505
2606007,gmina_swietokrzyskie_06_07,2606,26,34335,50.97098,20.97433
2607001,gmina_swietokrzyskie_07_01,2607,26,36464,50.53302,21.51347
2607002,gmina_swietokrzyskie_07_02,2607,26,33538,50.84603,21.89183
2607003,gmina_swietokrzyskie_07_03,2607,26,49524,50.72488,21.52909
2607004,gmina_swietokrzyskie_07_04,2607,26,50023,50.60106,21.62942
2607005,gmina_swietokrzyskie_07_05,2607,26,18228,50.83363,21.77789
2607006,gmina_swietokrzyskie_07_06,2607,26,56280,50.67912,21.60894
2608001,gmina_swietokrzyskie_08_01,2608,26,23835,50.76184,19.70997
2608002,gmina_swietokrzyskie_08_02,2608,26,19846,50.4837,19.65045
2608003,gmina_swietokrzyskie_08_03,2608,26,26756,50.74471,19.68307
2608004,gmina_swietokrzyskie_08_04,2608,26,8777,50.50944,19.7529
2608005,gmina_swietokrzyskie_08_05,2608,26,60664,50.20589,19.67541
2608006,gmina_swietokrzyskie_08_06,2608,26,46847,50.41695,19.57553
2609001,gmina_swietokrzyskie_09_01,2609,26,67659,50.9281,20.39995
2609002,gmina_swietokrzyskie_09_02,2609,26,31334,50.86885,20.88436
2609003,gmina_swietokrzyskie_09_03,2609,26,38504,50.88635,20.40682
2609004,gmina_swietokrzyskie_09_04,2609,26,47749,50.79603,20.55916
2609005,gmina_swietokrzyskie_09_05,2609,26,50419,50.69307,20.03037
2609006,gmina_swietokrzyskie_09_06,2609,26,10017,51.04487,20.38236
2609007,gmina_swietokrzyskie_09_07,2609,26,10293,50.82298,20.07822
2609008,gmina_swietokrzyskie_09_08,2609,26,33101,50.95264,20.0905
2610001,gmina_swietokrzyskie_10_01,2610,26,12058,51.42236,21.15572
2610002,gmina_swietokrzyskie_10_02,2610,26,15992,51.45941,20.76013
2610003,gmina_swietokrzyskie_10_03,2610,26,16595,51.15137,20.93337
2610004,gmina_swietokrzyskie_10_04,2610,26,27518,51.39696,21.10308
2610005,gmina_swietokrzyskie_10_05,2610,26,19049,51.49173,21.23489
2610006,gmina_swietokrzyskie_10_06,2610,26,57952,51.37752,20.91548
2610007,gmina_swietokrzyskie_10_07,2610,26,40759,51.32203,21.10262
2610008,gmina_swietokrzyskie_10_08,2610,26,21532,51.65997,21.14176
2611001,gmina_swietokrzyskie_11_01,2611,26,9519,50.63703,21.61211
2611002,gmina_swietokrzyskie_11_02,2611,26,56375,50.60616,21.71397
2611003,gmina_swietokrzyskie_11_03,2611,26,32574,50.7763,21.78368
2611004,gmina_swietokrzyskie_11_04,2611,26,52565,50.76416,22.09621
2611005,gmina_swietokrzyskie_11_05,2611,26,10649,50.66107,21.70873
2611006,gmina_swietokrzyskie_11_06,2611,26,43246,50.79016,21.59418
2612001,gmina_swietokrzyskie_12_01,2612,26,19286,50.68579,19.77546
2612002,gmina_swietokrzyskie_12_02,2612,26,11000,50.82279,19.63847
2612003,gmina_swietokrzyskie_12_03,2612,26,51241,50.65847,20.00437
2612004,gmina_swietokrzyskie_12_04,2612,26,50095,50.75677,19.7136
2612005,gmina_swietokrzyskie_12_05,2612,26,55903,50.89935,19.62547
2613001,gmina_swietokrzyskie_13_01,2613,26,3169,51.088,21.80476
2613002,gmina_swietokrzyskie_13_02,2613,26,17675,50.85342,21.99213
2613003,gmina_swietokrzyskie_13_03,2613,26,43323,50.99423,21.8196
2613004,gmina_swietokrzyskie_13_04,2613,26,41144,50.90965,21.85597
2613005,gmina_swietokrzyskie_13_05,2613,26,12918,50.90322,22.18271
2613006,gmina_swietokrzyskie_13_06,2613,26,5577,51.0953,21.97155
2613007,gmina_swietokrzyskie_13_07,2613,26,17619,51.13489,21.81386
2614001,gmina_swietokrzyskie_14_01,2614,26,31970,51.02889,20.42081
2614002,gmina_swietokrzyskie_14_02,2614,26,22554,51.00348,20.44935
2614003,gmina_swietokrzyskie_14_03,2614,26,22246,50.73872,20.56326
2614004,gmina_swietokrzyskie_14_04,2614,26,65975,51.31316,20.41944
2614005,gmina_swietokrzyskie_14_05,2614,26,47768,50.91444,20.30453
2614006,gmina_swietokrzyskie_14_06,2614,26,41938,51.01077,20.35223
2614007,gmina_swietokrzyskie_14_07,2614,26,54708,50.96173,20.16545
2801001,gmina_warminsko-mazurskie_01_01,2801,28,25795,54.09337,20.02139
2801002,gmina_warminsko-mazurskie_01_02,2801,28,24635,54.16761,20.14288
2801003,gmina_warminsko-mazurskie_01_03,2801,28,18474,54.26433,20.22007
2801004,gmina_warminsko-mazurskie_01_04,2801,28,56573,54.35707,20.15728
2801005,gmina_warminsko-mazurskie_01_05,2801,28,28514,54.30026,20.23781
2801006,gmina_warminsko-mazurskie_01_06,2801,28,26824,54.25339,19.83339
2802001,gmina_warminsko-mazurskie_02_01,2802,28,7855,53.57438,20.54927
2802002,gmina_warminsko-mazurskie_02_02,2802,28,26709,53.58248,20.53172
2802003,gmina_warminsko-mazurskie_02_03,2802,28,35415,53.48933,20.24163
2802004,gmina_warminsko-mazurskie_02_04,2802,28,31952,53.21221,20.29283
2802005,gmina_warminsko-mazurskie_02_05,2802,28,66805,53.48648,20.66168
2802006,gmina_warminsko-mazurskie_02_06,2802,28,58344,53.44963,20.73048
2802007,gmina_warminsko-mazurskie_02_07,2802,28,62720,53.42951,20.13413
2803001,gmina_warminsko-mazurskie_03_01,2803,28,2471,54.413,20.39915
2803002,gmina_warminsko-mazurskie_03_02,2803,28,32513,54.19935,20.20568
2803003,gmina_warminsko-mazurskie_03_03,2803,28,66608,54.23866,20.33903
2803004,gmina_warminsko-mazurskie_03_04,2803,28,8780,54.2943,20.52981
2803005,gmina_warminsko-mazurskie_03_05,2803,28,59465,54.36307,20.17626
2803006,gmina_warminsko-mazurskie_03_06,2803,28,29794,54.46821,20.53356
2804001,gmina_warminsko-mazurskie_04_01,2804,28,26202,54.35338,20.77196
2804002,gmina_warminsko-mazurskie_04_02,2804,28,56318,54.33758,20.51234
2804003,gmina_warminsko-mazurskie_04_03,2804,28,29992,54.23587,20.47818
2804004,gmina_warminsko-mazurskie_04_04,2804,28,56557,54.50185,20.46577
2804005,gmina_warminsko-mazurskie_04_05,2804,28,27800,54.28533,20.36566
2804006,gmina_warminsko-mazurskie_04_06,2804,28,11752,54.45616,20.76404
2805001,gmina_warminsko-mazurskie_05_01,2805,28,37881,53.93406,20.85613
2805002,gmina_warminsko-mazurskie_05_02,2805,28,9007,53.88332,20.8782
2805003,gmina_warminsko-mazurskie_05_03,2805,28,60506,53.82717,20.7671
2805004,gmina_warminsko-mazurskie_05_04,2805,28,56705,54.21778,20.6132
2805005,gmina_warminsko-mazurskie_05_05,2805,28,23805,53.70168,20.65275
2805006,gmina_warminsko-mazurskie_05_06,2805,28,40896,53.98186,20.9005
2806001,gmina_warminsko-mazurskie_06_01,2806,28,10834,53.82052,20.7777
2806002,gmina_warminsko-mazurskie_06_02,2806,28,45086,53.70128,20.60146
2806003,gmina_warminsko-mazurskie_06_03,2806,28,25481,53.95159,20.82017
2806004,gmina_warminsko-mazurskie_06_04,2806,28,9545,53.6131,20.54354
2806005,gmina_warminsko-mazurskie_06_05,2806,28,39713,53.93847,20.33633
2806006,gmina_warminsko-mazurskie_06_06,2806,28,9019,53.61522,20.91585
2807001,gmina_warminsko-mazurskie_07_01,2807,28,17787,53.11128,21.17816
2807002,gmina_warminsko-mazurskie_07_02,2807,28,49855,53.32672,21.13518
2807003,gmina_warminsko-mazurskie_07_03,2807,28,26595,53.37991,21.08766
2807004,gmina_warminsko-mazurskie_07_04,2807,28,37262,53.50826,20.83516
2807005,gmina_warminsko-mazurskie_07_05,2807,28,38399,53.56821,21.00142
2807006,gmina_warminsko-mazurskie_07_06,2807,28,60267,53.61414,21.05612
2807007,gmina_warminsko-mazurskie_07_07,2807,28,65798,53.65479,21.26231
2807008,gmina_warminsko-mazurskie_07_08,2807,28,42617,53.39575,21.08626
2807009,gmina_warminsko-mazurskie_07_09,2807,28,7416,53.60521,21.1369
2807010,gmina_warminsko-mazurskie_07_10,2807,28,6686,53.38081,21.05881
2808001,gmina_warminsko-mazurskie_08_01,2808,28,52288,54.25454,20.40344
2808002,gmina_warminsko-mazurskie_08_02,2808,28,13491,54.23038,20.73179
2808003,gmina_warminsko-mazurskie_08_03,2808,28,24420,54.30107,20.60474
2808004,gmina_warminsko-mazurskie_08_04,2808,28,4334,54.40181,20.46622
2808005,gmina_warminsko-mazurskie_08_05,2808,28,9521,54.26534,20.52099
2808006,gmina_warminsko-mazurskie_08_06,2808,28,20028,54.05182,20.6396
2809001,gmina_warminsko-mazurskie_09_01,2809,28,23592,53.69099,20.35315
2809002,gmina_warminsko-mazurskie_09_02,2809,28,53552,53.90848,20.09609
2809003,gmina_warminsko-mazurskie_09_03,2809,28,8147,53.91133,20.3088
2809004,gmina_warminsko-mazurskie_09_04,2809,28,50236,53.96094,19.8396
2809005,gmina_warminsko-mazurskie_09_05,2809,28,23404,53.95295,20.15677
2810001,gmina_warminsko-mazurskie_10_01,2810,28,15692,53.27447,20.50847
2810002,gmina_warminsko-mazurskie_10_02,2810,28,8223,53.18898,20.24752
2810003,gmina_warminsko-mazurskie_10_03,2810,28,11883,53.31625,20.14454
2810004,gmina_warminsko-mazurskie_10_04,2810,28,47434,53.32126,20.35991
2810005,gmina_warminsko-mazurskie_10_05,2810,28,58003,52.96082,20.36286
2810006,gmina_warminsko-mazurskie_10_06,2810,28,44987,53.26264,20.17251
2810007,gmina_warminsko-mazurskie_10_07,2810,28,27970,53.19445,20.28334
2811001,gmina_warminsko-mazurskie_11_01,2811,28,29918,54.34949,19.50915
2811002,gmina_warminsko-mazurskie_11_02,2811,28,67542,54.09974,19.17703
2811003,gmina_warminsko-mazurskie_11_03,2811,28,30318,54.09958,19.36577
2811004,gmina_warminsko-mazurskie_11_04,2811,28,47176,54.23743,19.62006
2811005,gmina_warminsko-mazurskie_11_05,2811,28,14935,54.13092,19.06366
2811006,gmina_warminsko-mazurskie_11_06,2811,28,53537,54.23992,19.2692
2811007,gmina_warminsko-mazurskie_11_07,2811,28,42244,54.25295,19.19338
2812001,gmina_warminsko-mazurskie_12_01,2812,28,41899,53.97324,20.72123
2812002,gmina_warminsko-mazurskie_12_02,2812,28,11644,54.11633,20.50606
2812003,gmina_warminsko-mazurskie_12_03,2812,28,20899,53.99211,20.36551
2812004,gmina_warminsko-mazurskie_12_04,2812,28,11542,54.27202,20.31962
2812005,gmina_warminsko-mazurskie_12_05,2812,28,11473,54.14907,20.48278
2812006,gmina_warminsko-mazurskie_12_06,2812,28,57808,54.34243,20.45954
2813001,gmina_warminsko-mazurskie_13_01,2813,28,37537,53.90957,20.67246
2813002,gmina_warminsko-mazurskie_13_02,2813,28,30686,54.15389,20.93201
2813003,gmina_warminsko-mazurskie_13_03,2813,28,39291,53.71342,21.21448
2813004,gmina_warminsko-mazurskie_13_04,2813,28,35545,53.93422,21.21389
2813005,gmina_warminsko-mazurskie_13_05,2813,28,32873,53.94486,20.53315
2814001,gmina_warminsko-mazurskie_14_01,2814,28,30514,53.75367,20.00869
2814002,gmina_warminsko-mazurskie_14_02,2814,28,56462,54.16766,19.7746
2814003,gmina_warminsko-mazurskie_14_03,2814,28,46067,53.96054,19.67802
2814004,gmina_warminsko-mazurskie_14_04,2814,28,30024,53.86464,19.95862
2814005,gmina_warminsko-mazurskie_14_05,2814,28,4263,54.06431,20.04288
2815001,gmina_warminsko-mazurskie_15_01,2815,28,13362,53.33391,20.94957
2815002,gmina_warminsko-mazurskie_15_02,2815,28,56960,53.65252,21.08834
2815003,gmina_warminsko-mazurskie_15_03,2815,28,40220,53.39193,21.43051
2815004,gmina_warminsko-mazurskie_15_04,2815,28,62689,53.59567,20.92379
2815005,gmina_warminsko-mazurskie_15_05,2815,28,8122,53.39817,21.0625
2815006,gmina_warminsko-mazurskie_15_06,2815,28,60381,53.33486,21.10937
2816001,gmina_warminsko-mazurskie_16_01,2816,28,32907,54.33309,20.08726
2816002,gmina_warminsko-mazurskie_16_02,2816,28,4271,54.5201,19.9186
2816003,gmina_warminsko-mazurskie_16_03,2816,28,56036,54.35266,19.53523
2816004,gmina_warminsko-mazurskie_16_04,2816,28,3509,54.4915,19.84607
2816005,gmina_warminsko-mazurskie_16_05,2816,28,14469,54.44318,19.73377
2817001,gmina_warminsko-mazurskie_17_01,2817,28,51444,53.52932,20.70129
2817002,gmina_warminsko-mazurskie_17_02,2817,28,53459,53.58283,20.24999
2817003,gmina_warminsko-mazurskie_17_03,2817,28,35208,53.70271,20.81516
2817004,gmina_warminsko-mazurskie_17_04,2817,28,61460,53.76665,20.89745
2817005,gmina_warminsko-mazurskie_17_05,2817,28,63268,53.71487,20.73605
2817006,gmina_warminsko-mazurskie_17_06,2817,28,22728,53.65355,20.47512
2817007,gmina_warminsko-mazurskie_17_07,2817,28,55057,53.45258,20.78946
2818001,gmina_warminsko-mazurskie_18_01,2818,28,6888,53.73977,20.38421
2818002,gmina_warminsko-mazurskie_18_02,2818,28,47683,53.2946,19.9925
2818003,gmina_warminsko-mazurskie_18_03,2818,28,23246,53.639,20.09506
2818004,gmina_warminsko-mazurskie_18_04,2818,28,57801,53.42776,20.06082
2818005,gmina_warminsko-mazurskie_18_05,2818,28,6163,53.72037,20.13672
2819001,gmina_warminsko-mazurskie_19_01,2819,28,36985,54.33214,19.23538
2819002,gmina_warminsko-mazurskie_19_02,2819,28,42092,54.02058,18.83095
2819003,gmina_warminsko-mazurskie_19_03,2819,28,41359,54.28377,19.06228
2819004,gmina_warminsko-mazurskie_19_04,2819,28,6330,54.10556,18.90035
2819005,gmina_warminsko-mazurskie_19_05,2819,28,18338,54.06577,18.60602
2819006,gmina_warminsko-mazurskie_19_06,2819,28,57741,54.06606,19.1585
2820001,gmina_warminsko-mazurskie_20_01,2820,28,51203,52.77596,20.31703
2820002,gmina_warminsko-mazurskie_20_02,2820,28,7955,53.18752,20.24354
2820003,gmina_warminsko-mazurskie_20_03,2820,28,60109,52.94234,20.41716
2820004,gmina_warminsko-mazurskie_20_04,2820,28,29588,52.93593,20.20745
2820005,gmina_warminsko-mazurskie_20_05,2820,28,49930,52.94659,20.41611
2820006,gmina_warminsko-mazurskie_20_06,2820,28,53546,52.86732,20.30224
2820007,gmina_warminsko-mazurskie_20_07,2820,28,19912,53.15841,20.14735
2820008,gmina_warminsko-mazurskie_20_08,2820,28,10817,52.93954,20.27028
2821001,gmina_warminsko-mazurskie_21_01,2821,28,44128,53.22851,21.1665
2821002,gmina_warminsko-mazurskie_21_02,2821,28,9876,53.07925,21.16584
2821003,gmina_warminsko-mazurskie_21_03,2821,28,48276,53.25283,21.42494
2821004,gmina_warminsko-mazurskie_21_04,2821,28,57625,53.19407,21.21975
2821005,gmina_warminsko-mazurskie_21_05,2821,28,20620,53.09404,21.16006
2821006,gmina_warminsko-mazurskie_21_06,2821,28,56146,53.00498,21.50354
3001001,gmina_wielkopolskie_01_01,3001,30,32438,52.28045,16.89361
3001002,gmina_wielkopolskie_01_02,3001,30,11283,52.39355,16.83522
3001003,gmina_wielkopolskie_01_03,3001,30,10298,52.26094,16.94293
3001004,gmina_wielkopolskie_01_04,3001,30,67026,52.26437,17.23061
3001005,gmina_wielkopolskie_01_05,3001,30,22908,52.257,16.90325
3001006,gmina_wielkopolskie_01_06,3001,30,32490,52.10619,16.7754
3001007,gmina_wielkopolskie_01_07,3001,30,12094,52.20836,17.12301
3002001,gmina_wielkopolskie_02_01,3002,30,9600,52.55929,16.52695
3002002,gmina_wielkopolskie_02_02,3002,30,49744,52.3317,16.95364
3002003,gmina_wielkopolskie_02_03,3002,30,29704,52.3613,16.77838
3002004,gmina_wielkopolskie_02_04,3002,30,2992,52.52704,16.57201
3002005,gmina_wielkopolskie_02_05,3002,30,63420,52.51654,16.4778
3002006,gmina_wielkopolskie_02_06,3002,30,12225,52.39769,16.48514
3002007,gmina_wielkopolskie_02_07,3002,30,9617,52.32288,16.73978
3002008,gmina_wielkopolskie_02_08,3002,30,24390,52.35422,16.5597
3003001,gmina_wielkopolskie_03_01,3003,30,10380,52.42136,16.26675
3003002,gmina_wielkopolskie_03_02,3003,30,32695,52.4802,15.97462
3003003,gmina_wielkopolskie_03_03,3003,30,41079,52.8349,16.27954
3003004,gmina_wielkopolskie_03_04,3003,30,62482,52.41617,16.41815
3003005,gmina_wielkopolskie_03_05,3003,30,59491,52.5584,15.95427
3003006,gmina_wielkopolskie_03_06,3003,30,58356,52.50489,16.71068
3003007,gmina_wielkopolskie_03_07,3003,30,54823,52.28155,16.34426
3004001,gmina_wielkopolskie_04_01,3004,30,55607,51.88176,17.4708
3004002,gmina_wielkopolskie_04_02,3004,30,5421,52.06531,17.6246
3004003,gmina_wielkopolskie_04_03,3004,30,20643,51.79942,17.42481
3004004,gmina_wielkopolskie_04_04,3004,30,50588,51.70944,17.62596
3004005,gmina_wielkopolskie_04_05,3004,30,33048,51.99954,17.51839
3005001,gmina_wielkopolskie_05_01,3005,30,4597,53.19843,16.87098
3005002,gmina_wielkopolskie_05_02,3005,30,38605,52.84059,16.47999
3005003,gmina_wielkopolskie_05_03,3005,30,5927,52.88153,16.62604
3005004,gmina_wielkopolskie_05_04,3005,30,41997,53.22842,16.54789
3005005,gmina_wielkopolskie_05_05,3005,30,19023,53.29855,16.84712
3005006,gmina_wielkopolskie_05_06,3005,30,29844,53.06157,16.45019
3006001,gmina_wielkopolskie_06_01,3006,30,50469,52.03696,17.38685
3006002,gmina_wielkopolskie_06_02,3006,30,60618,52.05998,17.87765
3006003,gmina_wielkopolskie_06_03,3006,30,25855,51.96701,17.62978
3006004,gmina_wielkopolskie_06_04,3006,30,19078,52.05475,17.69762
3006005,gmina_wielkopolskie_06_05,3006,30,7713,51.99131,17.18193
3007001,gmina_wielkopolskie_07_01,3007,30,2610,51.55262,16.12126
3007002,gmina_wielkopolskie_07_02,3007,30,37093,51.69797,15.78535
3007003,gmina_wielkopolskie_07_03,3007,30,59888,51.81061,15.79165
3007004,gmina_wielkopolskie_07_04,3007,30,46855,51.8842,15.97711
3007005,gmina_wielkopolskie_07_05,3007,30,40775,51.69917,16.02299
3007006,gmina_wielkopolskie_07_06,3007,30,15445,51.7795,15.78967
3007007,gmina_wielkopolskie_07_07,3007,30,51589,51.99886,15.82763
3008001,gmina_wielkopolskie_08_01,3008,30,17771,53.21262,16.69162
3008002,gmina_wielkopolskie_08_02,3008,30,31501,53.20336,17.12155
3008003,gmina_wielkopolskie_08_03,3008,30,19752,53.06804,16.74237
3008004,gmina_wielkopolskie_08_04,3008,30,3547,53.01849,17.09995
3008005,gmina_wielkopolskie_08_05,3008,30,22116,52.94105,17.08387
3008006,gmina_wielkopolskie_08_06,3008,30,48447,53.14472,17.16538
3008007,gmina_wielkopolskie_08_07,3008,30,64413,53.07994,16.72041
3009001,gmina_wielkopolskie_09_01,3009,30,40663,52.51224,15.94504
3009002,gmina_wielkopolskie_09_02,3009,30,6477,52.35387,16.07068
3009003,gmina_wielkopolskie_09_03,3009,30,57791,52.31794,16.03615
3009004,gmina_wielkopolskie_09_04,3009,30,21285,52.6633,15.71343
3009005,gmina_wielkopolskie_09_05,3009,30,58963,52.40041,16.02168
3009006,gmina_wielkopolskie_09_06,3009,30,10992,52.28826,16.0159
3009007,gmina_wielkopolskie_09_07,3009,30,27021,52.46888,16.26054
3010001,gmina_wielkopolskie_10_01,3010,30,36818,52.39746,17.7458
3010002,gmina_wielkopolskie_10_02,3010,30,64313,52.17918,17.57625
3010003,gmina_wielkopolskie_10_03,3010,30,42980,52.28009,17.70631
3010004,gmina_wielkopolskie_10_04,3010,30,42617,52.2471,17.53256
3010005,gmina_wielkopolskie_10_05,3010,30,19521,52.21936,17.8537
3011001,gmina_wielkopolskie_11_01,3011,30,41943,52.23296,16.21647
3011002,gmina_wielkopolskie_11_02,3011,30,42214,52.42211,16.68125
3011003,gmina_wielkopolskie_11_03,3011,30,51405,52.42823,16.37297
3011004,gmina_wielkopolskie_11_04,3011,30,3847,52.09319,16.41152
3011005,gmina_wielkopolskie_11_05,3011,30,65798,52.43426,16.6165
3011006,gmina_wielkopolskie_11_06,3011,30,28761,52.29325,16.57747
3012001,gmina_wielkopolskie_12_01,3012,30,30583,52.27347,16.67871
3012002,gmina_wielkopolskie_12_02,3012,30,67894,52.32656,16.57665
3012003,gmina_wielkopolskie_12_03,3012,30,19786,52.4419,16.55793
3012004,gmina_wielkopolskie_12_04,3012,30,9069,52.37896,16.45937
3012005,gmina_wielkopolskie_12_05,3012,30,16437,52.46092,16.41801
3012006,gmina_wielkopolskie_12_06,3012,30,29892,52.52363,16.69206
3012007,gmina_wielkopolskie_12_07,3012,30,35528,52.29877,16.35998
3013001,gmina_wielkopolskie_13_01,3013,30,40363,53.06765,17.36676
3013002,gmina_wielkopolskie_13_02,3013,30,55322,52.93817,17.39088
3013003,gmina_wielkopolskie_13_03,3013,30,15058,52.97573,17.51484
3013004,gmina_wielkopolskie_13_04,3013,30,62028,53.19208,17.52541
3013005,gmina_wielkopolskie_13_05,3013,30,45666,53.12279,17.3827
3013006,gmina_wielkopolskie_13_06,3013,30,46634,52.86389,17.47787
3013007,gmina_wielkopolskie_13_07,3013,30,31694,53.36169,17.60339
3014001,gmina_wielkopolskie_14_01,3014,30,19204,52.5782,16.78881
3014002,gmina_wielkopolskie_14_02,3014,30,51389,52.70248,16.73016
3014003,gmina_wielkopolskie_14_03,3014,30,24243,52.63792,17.02743
3014004,gmina_wielkopolskie_14_04,3014,30,63926,52.62266,17.0124
3014005,gmina_wielkopolskie_14_05,3014,30,62481,52.93279,17.17299
3014006,gmina_wielkopolskie_14_06,3014,30,35038,52.6998,17.06251
3014007,gmina_wielkopolskie_14_07,3014,30,36561,52.60885,16.94398
3015001,gmina_wielkopolskie_15_01,3015,30,49209,52.84976,16.38349
3015002,gmina_wielkopolskie_15_02,3015,30,60289,52.82912,16.838
3015003,gmina_wielkopolskie_15_03,3015,30,54099,53.12429,16.8993
3015004,gmina_wielkopolskie_15_04,3015,30,55171,53.02278,17.14713
3015005,gmina_wielkopolskie_15_05,3015,30,18031,52.85562,16.85492
3016001,gmina_wielkopolskie_16_01,3016,30,23029,52.22686,16.88492
3016002,gmina_wielkopolskie_16_02,3016,30,8465,52.22887,16.96719
3016003,gmina_wielkopolskie_16_03,3016,30,32075,51.92454,16.75634
3016004,gmina_wielkopolskie_16_04,3016,30,37750,52.06033,17.05554
3016005,gmina_wielkopolskie_16_05,3016,30,16542,52.20358,17.15967
3016006,gmina_wielkopolskie_16_06,3016,30,32136,52.31447,17.08657
3017001,gmina_wielkopolskie_17_01,3017,30,33277,52.54696,17.73801
3017002,gmina_wielkopolskie_17_02,3017,30,33593,52.46031,17.48572
3017003,gmina_wielkopolskie_17_03,3017,30,9953,52.64791,17.78607
3017004,gmina_wielkopolskie_17_04,3017,30,33588,52.68152,17.34721
3017005,gmina_wielkopolskie_17_05,3017,30,66625,52.34971,17.49716
3017006,gmina_wielkopolskie_17_06,3017,30,30547,52.29547,17.63862
3017007,gmina_wielkopolskie_17_07,3017,30,36990,52.58639,17.70329
3017008,gmina_wielkopolskie_17_08,3017,30,60262,52.49292,17.52978
3018001,gmina_wielkopolskie_18_01,3018,30,22413,53.11968,15.19747
3018002,gmina_wielkopolskie_18_02,3018,30,57417,53.10257,15.26594
3018003,gmina_wielkopolskie_18_03,3018,30,27854,53.12734,15.47167
3018004,gmina_wielkopolskie_18_04,3018,30,3720,53.06004,15.34464
3018005,gmina_wielkopolskie_18_05,3018,30,27581,53.11799,15.09271
3019001,gmina_wielkopolskie_19_01,3019,30,15764,52.75596,16.52019
3019002,gmina_wielkopolskie_19_02,3019,30,54499,52.55557,16.48316
3019003,gmina_wielkopolskie_19_03,3019,30,16304,52.76663,16.91995
3019004,gmina_wielkopolskie_19_04,3019,30,54264,52.4546,16.60862
3019005,gmina_wielkopolskie_19_05,3019,30,52320,52.67998,16.40038
3019006,gmina_wielkopolskie_19_06,3019,30,2360,52.39546,16.76029
3019007,gmina_wielkopolskie_19_07,3019,30,52898,52.54577,16.70788
3019008,gmina_wielkopolskie_19_08,3019,30,31951,52.65789,16.65927
3020001,gmina_wielkopolskie_20_01,3020,30,25742,52.26129,17.45582
3020002,gmina_wielkopolskie_20_02,3020,30,54675,52.47975,17.52033
3020003,gmina_wielkopolskie_20_03,3020,30,19395,52.177,17.31064
3020004,gmina_wielkopolskie_20_04,3020,30,40929,52.22578,17.37154
3020005,gmina_wielkopolskie_20_05,3020,30,3393,52.42095,17.53585
3020006,gmina_wielkopolskie_20_06,3020,30,56882,52.21664,17.49719
3020007,gmina_wielkopolskie_20_07,3020,30,7650,52.34996,17.17942
3021001,gmina_wielkopolskie_21_01,3021,30,40393,52.26713,16.49809
3021002,gmina_wielkopolskie_21_02,3021,30,35025,52.34089,16.9083
3021003,gmina_wielkopolskie_21_03,3021,30,49656,52.56771,16.99132
3021004,gmina_wielkopolskie_21_04,3021,30,40017,52.34461,17.07475
3021005,gmina_wielkopolskie_21_05,3021,30,45184,52.27211,16.87563
3021006,gmina_wielkopolskie_21_06,3021,30,17769,52.53328,16.96088
3021007,gmina_wielkopolskie_21_07,3021,30,57822,52.25684,16.87977
3022001,gmina_wielkopolskie_22_01,3022,30,9393,52.66812,16.73482
3022002,gmina_wielkopolskie_22_02,3022,30,38588,52.56506,16.57833
3022003,gmina_wielkopolskie_22_03,3022,30,57765,52.60049,16.74064
3022004,gmina_wielkopolskie_22_04,3022,30,26928,52.64989,16.91178
3022005,gmina_wielkopolskie_22_05,3022,30,46873,52.69591,16.7536
3022006,gmina_wielkopolskie_22_06,3022,30,29892,52.55034,16.62508
3023001,gmina_wielkopolskie_23_01,3023,30,52837,52.03536,16.67505
3023002,gmina_wielkopolskie_23_02,3023,30,43783,52.2674,16.8649
3023003,gmina_wielkopolskie_23_03,3023,30,66824,52.01867,17.00849
3023004,gmina_wielkopolskie_23_04,3023,30,63793,52.33961,16.87632
3023005,gmina_wielkopolskie_23_05,3023,30,50487,52.30019,16.65114
3023006,gmina_wielkopolskie_23_06,3023,30,2791,52.41657,17.33186
3024001,gmina_wielkopolskie_24_01,3024,30,19680,51.21895,17.00625
3024002,gmina_wielkopolskie_24_02,3024,30,28327,51.2587,16.73063
3024003,gmina_wielkopolskie_24_03,3024,30,60820,51.34026,16.68698
3024004,gmina_wielkopolskie_24_04,3024,30,61101,51.05933,17.19521
3024005,gmina_wielkopolskie_24_05,3024,30,18722,51.25548,16.81273
3024006,gmina_wielkopolskie_24_06,3024,30,41600,51.34459,17.16002
3025001,gmina_wielkopolskie_25_01,3025,30,32559,52.6187,15.81939
3025002,gmina_wielkopolskie_25_02,3025,30,28794,52.76009,15.92109
3025003,gmina_wielkopolskie_25_03,3025,30,41446,52.89025,16.05518
3025004,gmina_wielkopolskie_25_04,3025,30,16034,52.71064,15.89779
3025005,gmina_wielkopolskie_25_05,3025,30,7589,52.58881,15.92094
3026001,gmina_wielkopolskie_26_01,3026,30,23298,52.41194,16.54819
3026002,gmina_wielkopolskie_26_02,3026,30,26848,52.11622,16.93231
3026003,gmina_wielkopolskie_26_03,3026,30,39352,52.15633,16.67368
3026004,gmina_wielkopolskie_26_04,3026,30,64159,52.24379,16.80206
3026005,gmina_wielkopolskie_26_05,3026,30,3524,52.48346,16.86432
3026006,gmina_wielkopolskie_26_06,3026,30,59877,52.31243,16.54871
3027001,gmina_wielkopolskie_27_01,3027,30,44974,52.026,15.99364
3027002,gmina_wielkopolskie_27_02,3027,30,30949,52.19063,16.47904
3027003,gmina_wielkopolskie_27_03,3027,30,43386,51.91747,16.07603
3027004,gmina_wielkopolskie_27_04,3027,30,16530,51.69228,16.47716
3027005,gmina_wielkopolskie_27_05,3027,30,12022,51.96578,16.59254
3027006,gmina_wielkopolskie_27_06,3027,30,36281,52.11291,16.28345
3028001,gmina_wielkopolskie_28_01,3028,30,64522,52.35886,16.46221
3028002,gmina_wielkopolskie_28_02,3028,30,56891,52.19375,16.01597
3028003,gmina_wielkopolskie_28_03,3028,30,55319,52.09305,16.4123
3028004,gmina_wielkopolskie_28_04,3028,30,39714,52.46339,16.2606
3028005,gmina_wielkopolskie_28_05,3028,30,45929,52.31385,16.12749
3028006,gmina_wielkopolskie_28_06,3028,30,48303,52.26895,16.11751
3028007,gmina_wielkopolskie_28_07,3028,30,41160,52.36144,16.15355
3029001,gmina_wielkopolskie_29_01,3029,30,35968,52.0157,17.06645
3029002,gmina_wielkopolskie_29_02,3029,30,62183,52.30026,17.50736
3029003,gmina_wielkopolskie_29_03,3029,30,65201,52.02428,17.21185
3029004,gmina_wielkopolskie_29_04,3029,30,39792,52.2544,17.20329
3029005,gmina_wielkopolskie_29_05,3029,30,60185,52.31809,17.25228
3029006,gmina_wielkopolskie_29_06,3029,30,39101,52.30459,17.03616
3030001,gmina_wielkopolskie_30_01,3030,30,52978,52.47583,18.24227
3030002,gmina_wielkopolskie_30_02,3030,30,53031,52.52752,18.05393
3030003,gmina_wielkopolskie_30_03,3030,30,66901,52.83003,18.25388
3030004,gmina_wielkopolskie_30_04,3030,30,41215,52.62353,17.88443
3030005,gmina_wielkopolskie_30_05,3030,30,3961,52.58007,17.89226
3030006,gmina_wielkopolskie_30_06,3030,30,33391,52.39856,17.96574
3030007,gmina_wielkopolskie_30_07,3030,30,21082,52.54667,18.1882
3031001,gmina_wielkopolskie_31_01,3031,30,25419,52.2608,17.43298
3031002,gmina_wielkopolskie_31_02,3031,30,55424,52.30231,16.87515
3031003,gmina_wielkopolskie_31_03,3031,30,39359,52.44995,17.04928
3031004,gmina_wielkopolskie_31_04,3031,30,21276,52.23632,17.22348
3031005,gmina_wielkopolskie_31_05,3031,30,38952,52.33956,17.05324
3031006,gmina_wielkopolskie_31_06,3031,30,1988,52.15366,17.2501
3032001,gmina_wielkopolskie_32_01,3032,30,48481,52.25261,16.95031
3032002,gmina_wielkopolskie_32_02,3032,30,54876,52.25186,17.03583
3032003,gmina_wielkopolskie_32_03,3032,30,5410,52.23896,17.1437
3032004,gmina_wielkopolskie_32_04,3032,30,52322,52.22938,16.96137
3032005,gmina_wielkopolskie_32_05,3032,30,61840,52.55106,17.29172
3032006,gmina_wielkopolskie_32_06,3032,30,36703,52.39849,16.80558
3033001,gmina_wielkopolskie_33_01,3033,30,27709,51.30502,16.74329
3033002,gmina_wielkopolskie_33_02,3033,30,51375,51.1878,16.77433
3033003,gmina_wielkopolskie_33_03,3033,30,31885,51.33765,16.76599
3033004,gmina_wielkopolskie_33_04,3033,30,37414,51.51558,16.69383
3033005,gmina_wielkopolskie_33_05,3033,30,6673,51.56642,16.58393
3034001,gmina_wielkopolskie_34_01,3034,30,36452,52.68309,16.47127
3034002,gmina_wielkopolskie_34_02,3034,30,3583,52.32381,17.10077
3034003,gmina_wielkopolskie_34_03,3034,30,63112,52.96734,16.89438
3034004,gmina_wielkopolskie_34_04,3034,30,33754,52.55394,16.83005
3034005,gmina_wielkopolskie_34_05,3034,30,55463,52.59107,17.16095
3034006,gmina_wielkopolskie_34_06,3034,30,1863,53.01312,16.97371
3035001,gmina_wielkopolskie_35_01,3035,30,19108,52.36785,16.29476
3035002,gmina_wielkopolskie_35_02,3035,30,60520,52.32929,16.24127
3035003,gmina_wielkopolskie_35_03,3035,30,8350,52.54676,16.20106
3035004,gmina_wielkopolskie_35_04,3035,30,65481,52.55608,16.18559
3035005,gmina_wielkopolskie_35_05,3035,30,33916,52.24784,16.33933
3035006,gmina_wielkopolskie_35_06,3035,30,21109,52.29158,16.13994
3035007,gmina_wielkopolskie_35_07,3035,30,4433,52.4212,15.94479
3035008,gmina_wielkopolskie_35_08,3035,30,10079,52.37543,16.345
3201001,gmina_zachodniopomorskie_01_01,3201,32,6415,53.13713,14.42058
3201002,gmina_zachodniopomorskie_01_02,3201,32,19895,53.40033,14.25821
3201003,gmina_zachodniopomorskie_01_03,3201,32,36368,53.09149,14.57702
3201004,gmina_zachodniopomorskie_01_04,3201,32,64516,53.25909,14.29037
3201005,gmina_zachodniopomorskie_01_05,3201,32,42315,53.22199,14.23382
3201006,gmina_zachodniopomorskie_01_06,3201,32,21897,53.13674,14.19278
3201007,gmina_zachodniopomorskie_01_07,3201,32,31739,53.44755,14.3091
3202001,gmina_zachodniopomorskie_02_01,3202,32,67567,53.49242,14.09631
3202002,gmina_zachodniopomorskie_02_02,3202,32,50184,53.92843,14.1909
3202003,gmina_zachodniopomorskie_02_03,3202,32,51896,53.54874,14.19964
3202004,gmina_zachodniopomorskie_02_04,3202,32,27420,53.41396,13.95524
3202005,gmina_zachodniopomorskie_02_05,3202,32,33565,53.59502,14.0233
3202006,gmina_zachodniopomorskie_02_06,3202,32,4138,53.45626,14.31467
3202007,gmina_zachodniopomorskie_02_07,3202,32,19242,53.44088,14.058
3203001,gmina_zachodniopomorskie_03_01,3203,32,58165,53.83935,14.41227
3203002,gmina_zachodniopomorskie_03_02,3203,32,5924,53.89593,14.30917
3203003,gmina_zachodniopomorskie_03_03,3203,32,12272,53.88427,14.56377
3203004,gmina_zachodniopomorskie_03_04,3203,32,24141,54.05659,14.46335
3203005,gmina_zachodniopomorskie_03_05,3203,32,5948,53.79804,14.50259
3204001,gmina_zachodniopomorskie_04_01,3204,32,36975,53.31887,14.15069
3204002,gmina_zachodniopomorskie_04_02,3204,32,44378,53.54774,14.40599
3204003,gmina_zachodniopomorskie_04_03,3204,32,2248,53.49051,14.31432
3204004,gmina_zachodniopomorskie_04_04,3204,32,59847,53.61408,14.38925
3205001,gmina_zachodniopomorskie_05_01,3205,32,22793,53.82412,14.88446
3205002,gmina_zachodniopomorskie_05_02,3205,32,3494,53.73584,14.90793
3205003,gmina_zachodniopomorskie_05_03,3205,32,22282,53.52332,15.2142
3205004,gmina_zachodniopomorskie_05_04,3205,32,54977,53.88871,15.17175
3205005,gmina_zachodniopomorskie_05_05,3205,32,12142,53.86853,15.1696
3205006,gmina_zachodniopomorskie_05_06,3205,32,54246,54.14115,15.11245
3206001,gmina_zachodniopomorskie_06_01,3206,32,58202,53.48035,15.56487
3206002,gmina_zachodniopomorskie_06_02,3206,32,3726,53.59072,15.41894
3206003,gmina_zachodniopomorskie_06_03,3206,32,67951,53.77386,15.08052
3206004,gmina_zachodniopomorskie_06_04,3206,32,58984,53.44513,15.26227
3206005,gmina_zachodniopomorskie_06_05,3206,32,64989,53.359,15.15974
3207001,gmina_zachodniopomorskie_07_01,3207,32,5815,53.44178,13.85377
3207002,gmina_zachodniopomorskie_07_02,3207,32,29432,53.64325,13.89384
3207003,gmina_zachodniopomorskie_07_03,3207,32,13590,53.68999,14.1114
3207004,gmina_zachodniopomorskie_07_04,3207,32,35148,53.55917,13.77114
3207005,gmina_zachodniopomorskie_07_05,3207,32,11033,53.66066,13.7045
3207006,gmina_zachodniopomorskie_07_06,3207,32,2179,53.4837,13.82315
3207007,gmina_zachodniopomorskie_07_07,3207,32,31361,53.50054,14.05134
3208001,gmina_zachodniopomorskie_08_01,3208,32,18936,52.73301,13.44841
3208002,gmina_zachodniopomorskie_08_02,3208,32,21839,52.70371,13.61823
3208003,gmina_zachodniopomorskie_08_03,3208,32,12587,52.77559,13.5753
3208004,gmina_zachodniopomorskie_08_04,3208,32,6159,52.81931,13.55202
3208005,gmina_zachodniopomorskie_08_05,3208,32,34417,52.76813,13.701
3208006,gmina_zachodniopomorskie_08_06,3208,32,18653,52.67779,13.80393
3209001,gmina_zachodniopomorskie_09_01,3209,32,48457,53.47319,15.3284
3209002,gmina_zachodniopomorskie_09_02,3209,32,4932,53.42412,15.63921
3209003,gmina_zachodniopomorskie_09_03,3209,32,4482,53.45778,15.30546
3209004,gmina_zachodniopomorskie_09_04,3209,32,64145,53.28988,15.45941
3209005,gmina_zachodniopomorskie_09_05,3209,32,45408,53.34098,15.54607
3209006,gmina_zachodniopomorskie_09_06,3209,32,61223,53.46412,15.5544
3209007,gmina_zachodniopomorskie_09_07,3209,32,49172,53.16779,15.69328
3209008,gmina_zachodniopomorskie_09_08,3209,32,12270,53.46592,15.46179
3210001,gmina_zachodniopomorskie_10_01,3210,32,36474,53.80245,14.98238
3210002,gmina_zachodniopomorskie_10_02,3210,32,65347,53.99038,14.84481
3210003,gmina_zachodniopomorskie_10_03,3210,32,21858,53.50023,15.11841
3210004,gmina_zachodniopomorskie_10_04,3210,32,40560,53.92939,14.70492
3210005,gmina_zachodniopomorskie_10_05,3210,32,53564,53.87292,14.59048
3210006,gmina_zachodniopomorskie_10_06,3210,32,64901,53.70206,14.95328
3210007,gmina_zachodniopomorskie_10_07,3210,32,39470,53.792,14.85039
3210008,gmina_zachodniopomorskie_10_08,3210,32,48210,53.72385,14.76632
3211001,gmina_zachodniopomorskie_11_01,3211,32,67152,53.53026,15.26763
3211002,gmina_zachodniopomorskie_11_02,3211,32,25408,53.60053,15.02521
3211003,gmina_zachodniopomorskie_11_03,3211,32,42239,53.40532,15.13248
3211004,gmina_zachodniopomorskie_11_04,3211,32,61190,53.65901,15.05702
3211005,gmina_zachodniopomorskie_11_05,3211,32,48916,53.63776,15.21753
3211006,gmina_zachodniopomorskie_11_06,3211,32,15673,53.43382,14.977
3212001,gmina_zachodniopomorskie_12_01,3212,32,3283,53.56287,14.65991
3212002,gmina_zachodniopomorskie_12_02,3212,32,40972,53.82485,14.72517
3212003,gmina_zachodniopomorskie_12_03,3212,32,62595,53.61174,14.5196
3212004,gmina_zachodniopomorskie_12_04,3212,32,7200,53.83126,14.72508
3212005,gmina_zachodniopomorskie_12_05,3212,32,27777,53.60907,14.61799
3213001,gmina_zachodniopomorskie_13_01,3213,32,11511,53.90807,14.54067
3213002,gmina_zachodniopomorskie_13_02,3213,32,63530,53.93621,14.29038
3213003,gmina_zachodniopomorskie_13_03,3213,32,59097,54.01492,14.47727
3213004,gmina_zachodniopomorskie_13_04,3213,32,14194,53.669,14.42913
3213005,gmina_zachodniopomorskie_13_05,3213,32,37332,53.71444,14.38987
3213006,gmina_zachodniopomorskie_13_06,3213,32,44577,53.68002,14.54466
3214001,gmina_zachodniopomorskie_14_01,3214,32,9359,53.56684,13.58217
3214002,gmina_zachodniopomorskie_14_02,3214,32,59992,53.39551,13.52148
3214003,gmina_zachodniopomorskie_14_03,3214,32,55526,53.50215,13.66849
3214004,gmina_zachodniopomorskie_14_04,3214,32,53904,53.47491,13.57709
3214005,gmina_zachodniopomorskie_14_05,3214,32,9974,53.82571,13.5215
3214006,gmina_zachodniopomorskie_14_06,3214,32,28445,53.42716,14.17184
3214007,gmina_zachodniopomorskie_14_07,3214,32,3482,53.3203,13.77965
3215001,gmina_zachodniopomorskie_15_01,3215,32,66069,52.99061,15.30745
3215002,gmina_zachodniopomorskie_15_02,3215,32,37740,53.17427,15.11957
3215003,gmina_zachodniopomorskie_15_03,3215,32,24921,52.99001,15.1478
3215004,gmina_zachodniopomorskie_15_04,3215,32,40584,53.0653,15.33825
3215005,gmina_zachodniopomorskie_15_05,3215,32,15804,53.15835,15.0839
3215006,gmina_zachodniopomorskie_15_06,3215,32,63427,53.06562,14.84979
3216001,gmina_zachodniopomorskie_16_01,3216,32,61494,53.43607,14.67506
3216002,gmina_zachodniopomorskie_16_02,3216,32,17637,53.47837,14.6984
3216003,gmina_zachodniopomorskie_16_03,3216,32,5403,53.21443,14.95817
3216004,gmina_zachodniopomorskie_16_04,3216,32,39061,53.38165,14.61685
3216005,gmina_zachodniopomorskie_16_05,3216,32,19297,53.32868,14.9187
3216006,gmina_zachodniopomorskie_16_06,3216,32,47955,53.44994,14.65445
3217001,gmina_zachodniopomorskie_17_01,3217,32,39891,53.73398,14.52
3217002,gmina_zachodniopomorskie_17_02,3217,32,49655,53.71658,14.68706
3217003,gmina_zachodniopomorskie_17_03,3217,32,52780,53.60954,14.70421
3217004,gmina_zachodniopomorskie_17_04,3217,32,65059,53.6156,14.50596
3217005,gmina_zachodniopomorskie_17_05,3217,32,13016,53.55066,14.75309
3217006,gmina_zachodniopomorskie_17_06,3217,32,4700,53.59917,14.79145
3218001,gmina_zachodniopomorskie_18_01,3218,32,57430,53.29864,14.582
3218002,gmina_zachodniopomorskie_18_02,3218,32,28730,53.26023,14.4583
3218003,gmina_zachodniopomorskie_18_03,3218,32,25004,53.12219,14.31613
3218004,gmina_zachodniopomorskie_18_04,3218,32,36663,53.28978,14.33559
3218005,gmina_zachodniopomorskie_18_05,3218,32,9681,53.19553,14.3985
3219001,gmina_zachodniopomorskie_19_01,3219,32,10623,52.76386,14.3975
3219002,gmina_zachodniopomorskie_19_02,3219,32,16105,52.90787,14.63409
3219003,gmina_zachodniopomorskie_19_03,3219,32,44782,53.04075,14.63722
3219004,gmina_zachodniopomorskie_19_04,3219,32,22945,53.03115,14.61844
3219005,gmina_zachodniopomorskie_19_05,3219,32,16461,52.97099,14.44568
3219006,gmina_zachodniopomorskie_19_06,3219,32,37685,53.02628,14.49776
3220001,gmina_zachodniopomorskie_20_01,3220,32,49933,53.72755,14.4248
3220002,gmina_zachodniopomorskie_20_02,3220,32,8099,53.96782,14.63051
3220003,gmina_zachodniopomorskie_20_03,3220,32,9420,54.05456,14.3175
3220004,gmina_zachodniopomorskie_20_04,3220,32,59899,53.9585,14.2131
3220005,gmina_zachodniopomorskie_20_05,3220,32,10261,53.51124,14.18439
3220006,gmina_zachodniopomorskie_20_06,3220,32,20518,53.87633,14.15386
3220007,gmina_zachodniopomorskie_20_07,3220,32,37563,53.9335,14.28364
3220008,gmina_zachodniopomorskie_20_08,3220,32,12492,53.68969,14.28798
3221001,gmina_zachodniopomorskie_21_01,3221,32,29998,53.24203,14.37923
3221002,gmina_zachodniopomorskie_21_02,3221,32,30540,53.20525,14.32773
3221003,gmina_zachodniopomorskie_21_03,3221,32,27499,53.17816,14.67535
3221004,gmina_zachodniopomorskie_21_04,3221,32,60059,52.96973,14.58314
3221005,gmina_zachodniopomorskie_21_05,3221,32,50615,52.95417,14.59288
3221006,gmina_zachodniopomorskie_21_06,3221,32,45087,53.26648,14.5698
3221007,gmina_zachodniopomorskie_21_07,3221,32,19524,53.11174,14.26058
3004006,gmina_extra_2462,3004,30,22082,51.92734,17.48603
0605008,gmina_extra_2463,0605,06,31992,51.98407,22.87736
0213010,gmina_extra_2464,0213,02,40736,51.05919,17.29384
3221008,gmina_extra_2465,3221,32,37547,52.97067,14.64422
1404008,gmina_extra_2466,1404,14,3844,52.7769,19.86857
1211007,gmina_extra_2467,1211,12,2464,49.03504,19.10112
1024010,gmina_extra_2468,1024,10,10649,51.6461,19.32852
0619010,gmina_extra_2469,0619,06,19447,50.6053,22.74075
3219007,gmina_extra_2470,3219,32,18966,53.00279,14.54483
0423008,gmina_extra_2471,0423,04,23118,52.91893,18.32924
3023007,gmina_extra_2472,3023,30,15180,52.16674,16.94936
3221009,gmina_extra_2473,3221,32,10102,52.9525,14.42771
2427006,gmina_extra_2474,2427,24,38903,50.91962,18.2322
0415008,gmina_extra_2475,0415,04,24504,53.54048,17.80933
2614008,gmina_extra_2476,2614,26,9714,50.89681,20.44844
2001005,gmina_extra_2477,2001,20,34237,53.45918,22.71726
